"ID","Class"
6284,"G"
6285,"R"
6286,"F"
6287,"R"
6288,"W"
6289,"T"
6290,"N"
6291,"\"
6292,"Q"
6293,"Q"
6294,"O"
6295,"Z"
6296,"["
6297,"Q"
6298,"d"
6299,"N"
6300,"H"
6301,"V"
6302,"X"
6303,"O"
6304,"S"
6305,"S"
6306,"R"
6307,"V"
6308,"P"
6309,"S"
6310,"Q"
6311,"Q"
6312,"S"
6313,"U"
6314,"F"
6315,"Y"
6316,"\"
6317,"T"
6318,"W"
6319,"^"
6320,"N"
6321,"Z"
6322,"Y"
6323,"O"
6324,"S"
6325,"O"
6326,"V"
6327,"O"
6328,"U"
6329,"S"
6330,"V"
6331,"J"
6332,"Y"
6333,"\"
6334,"Y"
6335,"N"
6336,"T"
6337,"\"
6338,"P"
6339,"O"
6340,"X"
6341,"P"
6342,"U"
6343,"Q"
6344,"T"
6345,"^"
6346,"V"
6347,"O"
6348,"\"
6349,"T"
6350,"N"
6351,"_"
6352,"R"
6353,"K"
6354,"Q"
6355,"E"
6356,"P"
6357,"U"
6358,"T"
6359,"P"
6360,"V"
6361,"R"
6362,"T"
6363,"R"
6364,"P"
6365,"O"
6366,"P"
6367,"Q"
6368,"W"
6369,"N"
6370,"^"
6371,"P"
6372,"Q"
6373,"P"
6374,"R"
6375,"V"
6376,"L"
6377,"J"
6378,"W"
6379,"Q"
6380,"R"
6381,"P"
6382,"\"
6383,"R"
6384,"O"
6385,"U"
6386,"R"
6387,"K"
6388,"R"
6389,"N"
6390,"Q"
6391,"W"
6392,"Y"
6393,"Q"
6394,"Q"
6395,"U"
6396,"U"
6397,"R"
6398,"U"
6399,"L"
6400,"Z"
6401,"R"
6402,"Q"
6403,"Q"
6404,"T"
6405,"\"
6406,"O"
6407,"]"
6408,"T"
6409,"L"
6410,"S"
6411,"U"
6412,"O"
6413,"R"
6414,"M"
6415,"Y"
6416,"N"
6417,"Y"
6418,"R"
6419,"T"
6420,"b"
6421,"a"
6422,"P"
6423,"O"
6424,"O"
6425,"Q"
6426,"O"
6427,"K"
6428,"P"
6429,"V"
6430,"W"
6431,"I"
6432,"V"
6433,"M"
6434,"Y"
6435,"K"
6436,"S"
6437,"T"
6438,"V"
6439,"["
6440,"V"
6441,"O"
6442,"R"
6443,"Z"
6444,"V"
6445,"T"
6446,"P"
6447,"P"
6448,"T"
6449,"I"
6450,"N"
6451,"R"
6452,"N"
6453,"P"
6454,"P"
6455,"V"
6456,"Q"
6457,"L"
6458,"W"
6459,"N"
6460,"V"
6461,"R"
6462,"P"
6463,"V"
6464,"W"
6465,"V"
6466,"T"
6467,"R"
6468,"L"
6469,"L"
6470,"Y"
6471,"M"
6472,"H"
6473,"O"
6474,"Z"
6475,"T"
6476,"L"
6477,"R"
6478,"T"
6479,"L"
6480,"T"
6481,"Q"
6482,"W"
6483,"X"
6484,"N"
6485,"W"
6486,"J"
6487,"O"
6488,"P"
6489,"W"
6490,"Y"
6491,"Q"
6492,"T"
6493,"F"
6494,"S"
6495,"Y"
6496,"S"
6497,"Q"
6498,"T"
6499,"S"
6500,"Q"
6501,"e"
6502,"R"
6503,"P"
6504,"P"
6505,"U"
6506,"Y"
6507,"M"
6508,"W"
6509,"K"
6510,"M"
6511,"T"
6512,"X"
6513,"R"
6514,"V"
6515,"S"
6516,"U"
6517,"N"
6518,"P"
6519,"N"
6520,"T"
6521,"\"
6522,"V"
6523,"W"
6524,"M"
6525,"S"
6526,"J"
6527,"S"
6528,"Q"
6529,"Y"
6530,"_"
6531,"K"
6532,"N"
6533,"V"
6534,"V"
6535,"V"
6536,"Z"
6537,"W"
6538,"T"
6539,"O"
6540,"L"
6541,"R"
6542,"R"
6543,"N"
6544,"V"
6545,"W"
6546,"T"
6547,"X"
6548,"R"
6549,"U"
6550,"Q"
6551,"T"
6552,"S"
6553,"b"
6554,"^"
6555,"S"
6556,"W"
6557,"W"
6558,"W"
6559,"U"
6560,"Q"
6561,"F"
6562,"Y"
6563,"P"
6564,"L"
6565,"M"
6566,"V"
6567,"K"
6568,"Q"
6569,"K"
6570,"M"
6571,"O"
6572,"H"
6573,"Y"
6574,"Y"
6575,"P"
6576,"S"
6577,"X"
6578,"I"
6579,"Z"
6580,"J"
6581,"T"
6582,"L"
6583,"N"
6584,"T"
6585,"R"
6586,"T"
6587,"X"
6588,"U"
6589,"U"
6590,"T"
6591,"O"
6592,"T"
6593,"P"
6594,"^"
6595,"X"
6596,"P"
6597,"R"
6598,"O"
6599,"F"
6600,"W"
6601,"R"
6602,"R"
6603,"Q"
6604,"W"
6605,"W"
6606,"U"
6607,"Q"
6608,"S"
6609,"X"
6610,"V"
6611,"U"
6612,"K"
6613,"X"
6614,"["
6615,"K"
6616,"Y"
6617,"^"
6618,"N"
6619,"V"
6620,"T"
6621,"O"
6622,"O"
6623,"R"
6624,"V"
6625,"T"
6626,"Q"
6627,"R"
6628,"M"
6629,"Y"
6630,"Q"
6631,"K"
6632,"S"
6633,"T"
6634,"R"
6635,"K"
6636,"R"
6637,"V"
6638,"P"
6639,"Q"
6640,"Q"
6641,"V"
6642,"P"
6643,"O"
6644,"U"
6645,"O"
6646,"`"
6647,"O"
6648,"M"
6649,"T"
6650,"L"
6651,"P"
6652,"T"
6653,"X"
6654,"Q"
6655,"V"
6656,"T"
6657,"T"
6658,"T"
6659,"L"
6660,"\"
6661,"L"
6662,"O"
6663,"M"
6664,"J"
6665,"T"
6666,"M"
6667,"U"
6668,"P"
6669,"W"
6670,"O"
6671,"H"
6672,"["
6673,"M"
6674,"V"
6675,"U"
6676,"N"
6677,"T"
6678,"V"
6679,"^"
6680,"O"
6681,"T"
6682,"J"
6683,"Q"
6684,"O"
6685,"Y"
6686,"Q"
6687,"T"
6688,"S"
6689,"X"
6690,"L"
6691,"U"
6692,"Q"
6693,"Q"
6694,"W"
6695,"R"
6696,"I"
6697,"M"
6698,"S"
6699,"U"
6700,"V"
6701,"L"
6702,"Q"
6703,"P"
6704,"T"
6705,"V"
6706,"S"
6707,"M"
6708,"K"
6709,"R"
6710,"["
6711,"N"
6712,"X"
6713,"R"
6714,"T"
6715,"T"
6716,"E"
6717,"S"
6718,"Q"
6719,"U"
6720,"P"
6721,"M"
6722,"S"
6723,"N"
6724,"T"
6725,"P"
6726,"T"
6727,"O"
6728,"P"
6729,"S"
6730,"R"
6731,"V"
6732,"Q"
6733,"M"
6734,"R"
6735,"S"
6736,"S"
6737,"S"
6738,"X"
6739,"Z"
6740,"O"
6741,"S"
6742,"P"
6743,"O"
6744,"F"
6745,"P"
6746,"U"
6747,"T"
6748,"["
6749,"_"
6750,"O"
6751,"["
6752,"]"
6753,"S"
6754,"U"
6755,"X"
6756,"R"
6757,"Q"
6758,"S"
6759,"Q"
6760,"V"
6761,"V"
6762,"W"
6763,"S"
6764,"R"
6765,"R"
6766,"O"
6767,"U"
6768,"X"
6769,"X"
6770,"V"
6771,"P"
6772,"M"
6773,"Q"
6774,"X"
6775,"Z"
6776,"S"
6777,"X"
6778,"O"
6779,"P"
6780,"O"
6781,"T"
6782,"L"
6783,"K"
6784,"Q"
6785,"N"
6786,"^"
6787,"R"
6788,"O"
6789,"U"
6790,"K"
6791,"V"
6792,"V"
6793,"V"
6794,"S"
6795,"T"
6796,"T"
6797,"J"
6798,"X"
6799,"P"
6800,"W"
6801,"P"
6802,"Q"
6803,"O"
6804,"L"
6805,"T"
6806,"O"
6807,"V"
6808,"M"
6809,"`"
6810,"T"
6811,"P"
6812,"["
6813,"L"
6814,"W"
6815,"Q"
6816,"C"
6817,"M"
6818,"["
6819,"Q"
6820,"J"
6821,"K"
6822,"T"
6823,"a"
6824,"U"
6825,"R"
6826,"S"
6827,"Y"
6828,"T"
6829,"T"
6830,"V"
6831,"W"
6832,"K"
6833,"K"
6834,"S"
6835,"T"
6836,"U"
6837,"P"
6838,"T"
6839,"Y"
6840,"K"
6841,"U"
6842,"W"
6843,"M"
6844,"O"
6845,"Z"
6846,"W"
6847,"U"
6848,"P"
6849,"X"
6850,"R"
6851,"["
6852,"T"
6853,"L"
6854,"N"
6855,"V"
6856,"U"
6857,"S"
6858,"S"
6859,"U"
6860,"T"
6861,"Y"
6862,"P"
6863,"X"
6864,"L"
6865,"I"
6866,"Y"
6867,"M"
6868,"D"
6869,"V"
6870,"_"
6871,"R"
6872,"N"
6873,"S"
6874,"J"
6875,"J"
6876,"I"
6877,"Q"
6878,"S"
6879,"T"
6880,"Q"
6881,"X"
6882,"I"
6883,"R"
6884,"M"
6885,"R"
6886,"M"
6887,"O"
6888,"O"
6889,"M"
6890,"O"
6891,"P"
6892,"X"
6893,"W"
6894,"P"
6895,"R"
6896,"S"
6897,"R"
6898,"^"
6899,"R"
6900,"T"
6901,"U"
6902,"R"
6903,"Z"
6904,"Q"
6905,"S"
6906,"U"
6907,"Q"
6908,"Q"
6909,"R"
6910,"P"
6911,"S"
6912,"R"
6913,"O"
6914,"P"
6915,"P"
6916,"P"
6917,"Y"
6918,"X"
6919,"W"
6920,"O"
6921,"O"
6922,"X"
6923,"W"
6924,"X"
6925,"K"
6926,"L"
6927,"M"
6928,"O"
6929,"P"
6930,"O"
6931,"Y"
6932,"U"
6933,"J"
6934,"S"
6935,"O"
6936,"V"
6937,"O"
6938,"W"
6939,"O"
6940,"N"
6941,"T"
6942,"U"
6943,"X"
6944,"T"
6945,"O"
6946,"N"
6947,"Z"
6948,"["
6949,"J"
6950,"N"
6951,"V"
6952,"W"
6953,"Q"
6954,"]"
6955,"P"
6956,"]"
6957,"R"
6958,"^"
6959,"K"
6960,"M"
6961,"K"
6962,"K"
6963,"R"
6964,"V"
6965,"J"
6966,"Q"
6967,"R"
6968,"Z"
6969,"Q"
6970,"Q"
6971,"T"
6972,"Q"
6973,"O"
6974,"S"
6975,"X"
6976,"R"
6977,"I"
6978,"W"
6979,"Q"
6980,"V"
6981,"S"
6982,"O"
6983,"M"
6984,"T"
6985,"R"
6986,"W"
6987,"R"
6988,"L"
6989,"O"
6990,"T"
6991,"\"
6992,"Y"
6993,"T"
6994,"Y"
6995,"P"
6996,"U"
6997,"Z"
6998,"M"
6999,"Q"
7000,"H"
7001,"O"
7002,"U"
7003,"]"
7004,"\"
7005,"U"
7006,"T"
7007,"W"
7008,"N"
7009,"W"
7010,"Q"
7011,"S"
7012,"K"
7013,"W"
7014,"O"
7015,"O"
7016,"O"
7017,"T"
7018,"T"
7019,"V"
7020,"L"
7021,"V"
7022,"Q"
7023,"_"
7024,"W"
7025,"Y"
7026,"Y"
7027,"V"
7028,"O"
7029,"R"
7030,"Q"
7031,"O"
7032,"U"
7033,"U"
7034,"S"
7035,"W"
7036,"K"
7037,"O"
7038,"O"
7039,"S"
7040,"K"
7041,"Q"
7042,"N"
7043,"Z"
7044,"R"
7045,"N"
7046,"P"
7047,"T"
7048,"V"
7049,"L"
7050,"V"
7051,"U"
7052,"N"
7053,"["
7054,"P"
7055,"Q"
7056,"C"
7057,"^"
7058,"R"
7059,"X"
7060,"S"
7061,"Q"
7062,"V"
7063,"Y"
7064,"Q"
7065,"S"
7066,"X"
7067,"V"
7068,"W"
7069,"S"
7070,"W"
7071,"Q"
7072,"B"
7073,"U"
7074,"R"
7075,"Y"
7076,"U"
7077,"V"
7078,"K"
7079,"D"
7080,"Z"
7081,"P"
7082,"M"
7083,"R"
7084,"S"
7085,"Y"
7086,"N"
7087,"["
7088,"P"
7089,"T"
7090,"O"
7091,"Q"
7092,"T"
7093,"O"
7094,"_"
7095,"X"
7096,"V"
7097,"X"
7098,"L"
7099,"S"
7100,"O"
7101,"V"
7102,"S"
7103,"Y"
7104,"B"
7105,"U"
7106,"Q"
7107,"K"
7108,"S"
7109,"Z"
7110,"Y"
7111,"P"
7112,"["
7113,"U"
7114,"V"
7115,"T"
7116,"N"
7117,"N"
7118,"G"
7119,"V"
7120,"S"
7121,"P"
7122,"X"
7123,"X"
7124,"S"
7125,"Q"
7126,"R"
7127,"P"
7128,"L"
7129,"T"
7130,"G"
7131,"X"
7132,"S"
7133,"W"
7134,"X"
7135,"P"
7136,"W"
7137,"X"
7138,"\"
7139,"L"
7140,"R"
7141,"U"
7142,"S"
7143,"R"
7144,"N"
7145,"T"
7146,"\"
7147,"`"
7148,"W"
7149,"W"
7150,"S"
7151,"K"
7152,"K"
7153,"T"
7154,"Q"
7155,"E"
7156,"U"
7157,"Q"
7158,"["
7159,"S"
7160,"M"
7161,"P"
7162,"V"
7163,"["
7164,"\"
7165,"K"
7166,"O"
7167,"N"
7168,"O"
7169,"V"
7170,"P"
7171,"M"
7172,"P"
7173,"P"
7174,"Q"
7175,"\"
7176,"Z"
7177,"L"
7178,"J"
7179,"Q"
7180,"["
7181,"Z"
7182,"L"
7183,"S"
7184,"Q"
7185,"K"
7186,"M"
7187,"]"
7188,"R"
7189,"R"
7190,"P"
7191,"Q"
7192,"K"
7193,"]"
7194,"N"
7195,"T"
7196,"O"
7197,"R"
7198,"O"
7199,"Z"
7200,"Q"
7201,"J"
7202,"S"
7203,"S"
7204,"U"
7205,"["
7206,"X"
7207,"T"
7208,"O"
7209,"S"
7210,"W"
7211,"N"
7212,"M"
7213,"U"
7214,"L"
7215,"V"
7216,"W"
7217,"T"
7218,"S"
7219,"R"
7220,"P"
7221,"N"
7222,"T"
7223,"R"
7224,"S"
7225,"P"
7226,"L"
7227,"W"
7228,"H"
7229,"Z"
7230,"["
7231,"S"
7232,"L"
7233,"Q"
7234,"M"
7235,"T"
7236,"^"
7237,"S"
7238,"Z"
7239,"T"
7240,"Q"
7241,"N"
7242,"R"
7243,"R"
7244,"Q"
7245,"S"
7246,"M"
7247,"Y"
7248,"^"
7249,"P"
7250,"V"
7251,"O"
7252,"J"
7253,"R"
7254,"Z"
7255,"F"
7256,"H"
7257,"L"
7258,"J"
7259,"T"
7260,"X"
7261,"K"
7262,"O"
7263,"T"
7264,"["
7265,"Q"
7266,"P"
7267,"T"
7268,"P"
7269,"P"
7270,"O"
7271,"W"
7272,"L"
7273,"S"
7274,"P"
7275,"P"
7276,"Y"
7277,"Q"
7278,"R"
7279,"["
7280,"["
7281,"W"
7282,"X"
7283,"U"
7284,"T"
7285,"T"
7286,"V"
7287,"["
7288,"\"
7289,"O"
7290,"K"
7291,"S"
7292,"R"
7293,"W"
7294,"W"
7295,"T"
7296,"^"
7297,"U"
7298,"T"
7299,"O"
7300,"L"
7301,"W"
7302,"T"
7303,"S"
7304,"W"
7305,"\"
7306,"G"
7307,"Y"
7308,"S"
7309,"["
7310,"M"
7311,"S"
7312,"Y"
7313,"O"
7314,"S"
7315,"["
7316,"N"
7317,"Q"
7318,"R"
7319,"V"
7320,"R"
7321,"["
7322,"P"
7323,"M"
7324,"S"
7325,"["
7326,"N"
7327,"S"
7328,"Z"
7329,"V"
7330,"V"
7331,"Q"
7332,"S"
7333,"K"
7334,"K"
7335,"V"
7336,"H"
7337,"_"
7338,"Q"
7339,"L"
7340,"X"
7341,"W"
7342,"S"
7343,"Y"
7344,"S"
7345,"Q"
7346,"T"
7347,"P"
7348,"V"
7349,"V"
7350,"N"
7351,"^"
7352,"V"
7353,"T"
7354,"T"
7355,"T"
7356,"J"
7357,"P"
7358,"["
7359,"Q"
7360,"^"
7361,"Z"
7362,"S"
7363,"T"
7364,"T"
7365,"L"
7366,"U"
7367,"P"
7368,"S"
7369,"N"
7370,"M"
7371,"S"
7372,"P"
7373,"Y"
7374,"P"
7375,"P"
7376,"H"
7377,"V"
7378,"N"
7379,"D"
7380,"V"
7381,"T"
7382,"Z"
7383,"S"
7384,"O"
7385,"Q"
7386,"H"
7387,"Y"
7388,"T"
7389,"U"
7390,"W"
7391,"R"
7392,"R"
7393,"T"
7394,"W"
7395,"X"
7396,"V"
7397,"M"
7398,"M"
7399,"R"
7400,"M"
7401,"J"
7402,"S"
7403,"O"
7404,"R"
7405,"\"
7406,"T"
7407,"K"
7408,"N"
7409,"V"
7410,"P"
7411,"Q"
7412,"S"
7413,"V"
7414,"H"
7415,"R"
7416,"S"
7417,"V"
7418,"O"
7419,"O"
7420,"L"
7421,"M"
7422,"K"
7423,"O"
7424,"M"
7425,"M"
7426,"T"
7427,"S"
7428,"W"
7429,"W"
7430,"S"
7431,"O"
7432,"["
7433,"D"
7434,"U"
7435,"\"
7436,"V"
7437,"M"
7438,"S"
7439,"R"
7440,"c"
7441,"N"
7442,"S"
7443,"R"
7444,"R"
7445,"S"
7446,"P"
7447,"S"
7448,"Y"
7449,"W"
7450,"S"
7451,"W"
7452,"N"
7453,"Q"
7454,"_"
7455,"S"
7456,"X"
7457,"N"
7458,"T"
7459,"X"
7460,"N"
7461,"N"
7462,"N"
7463,"X"
7464,"Q"
7465,"W"
7466,"Q"
7467,"Q"
7468,"M"
7469,"K"
7470,"W"
7471,"Z"
7472,"Q"
7473,"R"
7474,"P"
7475,"V"
7476,"T"
7477,"R"
7478,"O"
7479,"P"
7480,"Q"
7481,"O"
7482,"V"
7483,"J"
7484,"P"
7485,"H"
7486,"H"
7487,"M"
7488,"W"
7489,"S"
7490,"S"
7491,"X"
7492,"Z"
7493,"]"
7494,"Y"
7495,"R"
7496,"Y"
7497,"Q"
7498,"U"
7499,"M"
7500,"Z"
7501,"X"
7502,"W"
7503,"Q"
7504,"R"
7505,"["
7506,"S"
7507,"N"
7508,"T"
7509,"W"
7510,"S"
7511,"O"
7512,"O"
7513,"Q"
7514,"P"
7515,"S"
7516,"V"
7517,"N"
7518,"R"
7519,"O"
7520,"N"
7521,"W"
7522,"K"
7523,"K"
7524,"N"
7525,"O"
7526,"Q"
7527,"R"
7528,"U"
7529,"X"
7530,"\"
7531,"X"
7532,"R"
7533,"D"
7534,"U"
7535,"Q"
7536,"N"
7537,"Y"
7538,"Y"
7539,"Y"
7540,"Q"
7541,"S"
7542,"U"
7543,"U"
7544,"O"
7545,"W"
7546,"V"
7547,"Z"
7548,"U"
7549,"V"
7550,"M"
7551,"M"
7552,"Y"
7553,"Q"
7554,"S"
7555,"V"
7556,"Q"
7557,"T"
7558,"T"
7559,"Q"
7560,"S"
7561,"O"
7562,"N"
7563,"N"
7564,"P"
7565,"P"
7566,"R"
7567,"N"
7568,"T"
7569,"P"
7570,"R"
7571,"N"
7572,"Z"
7573,"X"
7574,"S"
7575,"Z"
7576,"Q"
7577,"M"
7578,"T"
7579,"Q"
7580,"W"
7581,"Q"
7582,"I"
7583,"\"
7584,"Z"
7585,"V"
7586,"J"
7587,"T"
7588,"V"
7589,"["
7590,"U"
7591,"R"
7592,"W"
7593,"T"
7594,"["
7595,"P"
7596,"R"
7597,"R"
7598,"R"
7599,"Q"
7600,"R"
7601,"Z"
7602,"O"
7603,"P"
7604,"K"
7605,"Q"
7606,"O"
7607,"]"
7608,"S"
7609,"Q"
7610,"Q"
7611,"T"
7612,"T"
7613,"O"
7614,"R"
7615,"\"
7616,"Q"
7617,"U"
7618,"U"
7619,"M"
7620,"T"
7621,"N"
7622,"\"
7623,"P"
7624,"O"
7625,"L"
7626,"S"
7627,"M"
7628,"X"
7629,"Q"
7630,"R"
7631,"^"
7632,"["
7633,"N"
7634,"Z"
7635,"W"
7636,"X"
7637,"P"
7638,"G"
7639,"S"
7640,"T"
7641,"R"
7642,"R"
7643,"V"
7644,"V"
7645,"R"
7646,"_"
7647,"G"
7648,"G"
7649,"Y"
7650,"Z"
7651,"S"
7652,"M"
7653,"L"
7654,"P"
7655,"G"
7656,"U"
7657,"O"
7658,"N"
7659,"X"
7660,"X"
7661,"X"
7662,"T"
7663,"V"
7664,"["
7665,"P"
7666,"U"
7667,"P"
7668,"M"
7669,"O"
7670,"T"
7671,"R"
7672,"S"
7673,"R"
7674,"["
7675,"^"
7676,"Q"
7677,"M"
7678,"V"
7679,"U"
7680,"L"
7681,"P"
7682,"M"
7683,"V"
7684,"T"
7685,"]"
7686,"R"
7687,"U"
7688,"S"
7689,"Q"
7690,"P"
7691,"Z"
7692,"V"
7693,"S"
7694,"T"
7695,"V"
7696,"T"
7697,"Q"
7698,"P"
7699,"W"
7700,"V"
7701,"W"
7702,"U"
7703,"S"
7704,"V"
7705,"U"
7706,"O"
7707,"V"
7708,"Q"
7709,"["
7710,"S"
7711,"V"
7712,"R"
7713,"V"
7714,"H"
7715,"L"
7716,"["
7717,"V"
7718,"V"
7719,"O"
7720,"W"
7721,"Q"
7722,"G"
7723,"Q"
7724,"U"
7725,"O"
7726,"W"
7727,"O"
7728,"U"
7729,"X"
7730,"N"
7731,"\"
7732,"O"
7733,"J"
7734,"O"
7735,"P"
7736,"Q"
7737,"Q"
7738,"M"
7739,"J"
7740,"R"
7741,"N"
7742,"K"
7743,"Y"
7744,"M"
7745,"U"
7746,"S"
7747,"Y"
7748,"P"
7749,"P"
7750,"Q"
7751,"Y"
7752,"R"
7753,"T"
7754,"S"
7755,"W"
7756,"R"
7757,"R"
7758,"Y"
7759,"P"
7760,"Q"
7761,"Z"
7762,"O"
7763,"["
7764,"U"
7765,"Y"
7766,"X"
7767,"L"
7768,"F"
7769,"O"
7770,"Q"
7771,"^"
7772,"Q"
7773,"Y"
7774,"T"
7775,"Y"
7776,"W"
7777,"W"
7778,"Q"
7779,"T"
7780,"M"
7781,"F"
7782,"d"
7783,"P"
7784,"P"
7785,"N"
7786,"L"
7787,"N"
7788,"Q"
7789,"T"
7790,"V"
7791,"L"
7792,"W"
7793,"]"
7794,"P"
7795,"P"
7796,"K"
7797,"N"
7798,"["
7799,"O"
7800,"O"
7801,"Z"
7802,"I"
7803,"L"
7804,"P"
7805,"R"
7806,"R"
7807,"T"
7808,"U"
7809,"W"
7810,"P"
7811,"M"
7812,"S"
7813,"Q"
7814,"a"
7815,"T"
7816,"Q"
7817,"J"
7818,"V"
7819,"R"
7820,"Z"
7821,"X"
7822,"U"
7823,"^"
7824,"R"
7825,"W"
7826,"K"
7827,"Z"
7828,"N"
7829,"P"
7830,"N"
7831,"Q"
7832,"T"
7833,"K"
7834,"N"
7835,"R"
7836,"O"
7837,"N"
7838,"Z"
7839,"S"
7840,"S"
7841,"T"
7842,"X"
7843,"Q"
7844,"T"
7845,"R"
7846,"P"
7847,"V"
7848,"P"
7849,"O"
7850,"]"
7851,"U"
7852,"J"
7853,"R"
7854,"P"
7855,"Q"
7856,"T"
7857,"Y"
7858,"O"
7859,"P"
7860,"M"
7861,"K"
7862,"]"
7863,"S"
7864,"T"
7865,"Q"
7866,"X"
7867,"T"
7868,"W"
7869,"P"
7870,"F"
7871,"L"
7872,"Q"
7873,"M"
7874,"N"
7875,"S"
7876,"R"
7877,"G"
7878,"U"
7879,"S"
7880,"P"
7881,"N"
7882,"W"
7883,"Q"
7884,"O"
7885,"T"
7886,"R"
7887,"L"
7888,"M"
7889,"Q"
7890,"U"
7891,"W"
7892,"U"
7893,"M"
7894,"S"
7895,"["
7896,"Z"
7897,"N"
7898,"Y"
7899,"N"
7900,"R"
7901,"Z"
7902,"R"
7903,"N"
7904,"R"
7905,"S"
7906,"N"
7907,"R"
7908,"Y"
7909,"U"
7910,"M"
7911,"S"
7912,"N"
7913,"X"
7914,"R"
7915,"I"
7916,"W"
7917,"W"
7918,"S"
7919,"T"
7920,"Z"
7921,"Q"
7922,"X"
7923,"R"
7924,"T"
7925,"V"
7926,"T"
7927,"V"
7928,"O"
7929,"X"
7930,"V"
7931,"T"
7932,"U"
7933,"Q"
7934,"P"
7935,"O"
7936,"Q"
7937,"N"
7938,"S"
7939,"U"
7940,"U"
7941,"a"
7942,"Q"
7943,"P"
7944,"P"
7945,"V"
7946,"K"
7947,"T"
7948,"P"
7949,"^"
7950,"S"
7951,"O"
7952,"K"
7953,"H"
7954,"M"
7955,"Z"
7956,"P"
7957,"N"
7958,"J"
7959,"R"
7960,"T"
7961,"L"
7962,"P"
7963,"Y"
7964,"O"
7965,"T"
7966,"R"
7967,"U"
7968,"O"
7969,"S"
7970,"U"
7971,"T"
7972,"["
7973,"T"
7974,"S"
7975,"Q"
7976,"N"
7977,"K"
7978,"U"
7979,"S"
7980,"O"
7981,"R"
7982,"T"
7983,"O"
7984,"]"
7985,"N"
7986,"\"
7987,"P"
7988,"a"
7989,"Q"
7990,"M"
7991,"S"
7992,"X"
7993,"W"
7994,"N"
7995,"X"
7996,"N"
7997,"S"
7998,"W"
7999,"G"
8000,"Q"
8001,"Q"
8002,"W"
8003,"V"
8004,"["
8005,"V"
8006,"S"
8007,"O"
8008,"["
8009,"M"
8010,"N"
8011,"O"
8012,"N"
8013,"N"
8014,"X"
8015,"S"
8016,"N"
8017,"\"
8018,"Z"
8019,"X"
8020,"T"
8021,"S"
8022,"U"
8023,"O"
8024,"Q"
8025,"X"
8026,"S"
8027,"O"
8028,"S"
8029,"E"
8030,"X"
8031,"N"
8032,"Z"
8033,"S"
8034,"\"
8035,"O"
8036,"S"
8037,"Q"
8038,"Q"
8039,"U"
8040,"\"
8041,"X"
8042,"O"
8043,"T"
8044,"R"
8045,"U"
8046,"O"
8047,"Q"
8048,"Y"
8049,"U"
8050,"X"
8051,"H"
8052,"K"
8053,"L"
8054,"T"
8055,"V"
8056,"O"
8057,"R"
8058,"T"
8059,"W"
8060,"X"
8061,"Q"
8062,"L"
8063,"R"
8064,"N"
8065,"S"
8066,"O"
8067,"\"
8068,"a"
8069,"Y"
8070,"U"
8071,"S"
8072,"R"
8073,"V"
8074,"Q"
8075,"T"
8076,"\"
8077,"V"
8078,"S"
8079,"S"
8080,"]"
8081,"Q"
8082,"R"
8083,"W"
8084,"O"
8085,"W"
8086,"V"
8087,"Z"
8088,"O"
8089,"N"
8090,"L"
8091,"P"
8092,"S"
8093,"Q"
8094,"M"
8095,"_"
8096,"Z"
8097,"R"
8098,"V"
8099,"F"
8100,"V"
8101,"V"
8102,"L"
8103,"W"
8104,"T"
8105,"S"
8106,"O"
8107,"M"
8108,"Q"
8109,"P"
8110,"K"
8111,"S"
8112,"Q"
8113,"N"
8114,"X"
8115,"O"
8116,"Q"
8117,"P"
8118,"N"
8119,"S"
8120,"N"
8121,"W"
8122,"O"
8123,"T"
8124,"W"
8125,"R"
8126,"K"
8127,"S"
8128,"Q"
8129,"P"
8130,"R"
8131,"N"
8132,"["
8133,"S"
8134,"S"
8135,"R"
8136,"P"
8137,"U"
8138,"Q"
8139,"T"
8140,"N"
8141,"\"
8142,"L"
8143,"W"
8144,"V"
8145,"Y"
8146,"J"
8147,"]"
8148,"R"
8149,"S"
8150,"I"
8151,"U"
8152,"["
8153,"["
8154,"\"
8155,"M"
8156,"^"
8157,"T"
8158,"O"
8159,"W"
8160,"P"
8161,"P"
8162,"S"
8163,"M"
8164,"N"
8165,"O"
8166,"S"
8167,"P"
8168,"V"
8169,"S"
8170,"W"
8171,"O"
8172,"S"
8173,"W"
8174,"K"
8175,"M"
8176,"T"
8177,"T"
8178,"Z"
8179,"P"
8180,"W"
8181,"R"
8182,"K"
8183,"L"
8184,"Q"
8185,"H"
8186,"T"
8187,"N"
8188,"K"
8189,"N"
8190,"Z"
8191,"S"
8192,"R"
8193,"S"
8194,"P"
8195,"Q"
8196,"P"
8197,"H"
8198,"Q"
8199,"R"
8200,"G"
8201,"O"
8202,"O"
8203,"]"
8204,"g"
8205,"L"
8206,"O"
8207,"R"
8208,"Y"
8209,"P"
8210,"O"
8211,"T"
8212,"T"
8213,"J"
8214,"W"
8215,"Z"
8216,"X"
8217,"L"
8218,"]"
8219,"W"
8220,"W"
8221,"L"
8222,"P"
8223,"M"
8224,"Y"
8225,"P"
8226,"Z"
8227,"O"
8228,"T"
8229,"S"
8230,"Z"
8231,"U"
8232,"V"
8233,"S"
8234,"X"
8235,"M"
8236,"S"
8237,"Z"
8238,"N"
8239,"Y"
8240,"Q"
8241,"R"
8242,"P"
8243,"R"
8244,"S"
8245,"T"
8246,"X"
8247,"O"
8248,"V"
8249,"W"
8250,"H"
8251,"P"
8252,"R"
8253,"V"
8254,"P"
8255,"V"
8256,"Q"
8257,"["
8258,"V"
8259,"V"
8260,"Y"
8261,"L"
8262,"X"
8263,"["
8264,"P"
8265,"M"
8266,"P"
8267,"V"
8268,"Q"
8269,"X"
8270,"R"
8271,"P"
8272,"S"
8273,"V"
8274,"V"
8275,"R"
8276,"R"
8277,"Y"
8278,"H"
8279,"W"
8280,"P"
8281,"N"
8282,"L"
8283,"H"
8284,"I"
8285,"O"
8286,"H"
8287,"X"
8288,"U"
8289,"W"
8290,"P"
8291,"T"
8292,"M"
8293,"V"
8294,"Z"
8295,"Q"
8296,"Y"
8297,"Q"
8298,"V"
8299,"U"
8300,"N"
8301,"T"
8302,"L"
8303,"R"
8304,"O"
8305,"U"
8306,"O"
8307,"P"
8308,"N"
8309,"N"
8310,"P"
8311,"V"
8312,"R"
8313,"V"
8314,"B"
8315,"G"
8316,"Q"
8317,"Z"
8318,"_"
8319,"R"
8320,"V"
8321,"^"
8322,"T"
8323,"X"
8324,"I"
8325,"W"
8326,"X"
8327,"_"
8328,"V"
8329,"M"
8330,"S"
8331,"G"
8332,"U"
8333,"T"
8334,"V"
8335,"V"
8336,"N"
8337,"R"
8338,"V"
8339,"Q"
8340,"W"
8341,"T"
8342,"X"
8343,"M"
8344,"R"
8345,"R"
8346,"L"
8347,"Y"
8348,"P"
8349,"["
8350,"U"
8351,"T"
8352,"K"
8353,"R"
8354,"N"
8355,"U"
8356,"P"
8357,"S"
8358,"I"
8359,"U"
8360,"_"
8361,"M"
8362,"W"
8363,"]"
8364,"X"
8365,"P"
8366,"W"
8367,"P"
8368,"Q"
8369,"R"
8370,"S"
8371,"W"
8372,"T"
8373,"W"
8374,"R"
8375,"Q"
8376,"J"
8377,"V"
8378,"R"
8379,"T"
8380,"M"
8381,"Z"
8382,"N"
8383,"O"
8384,"U"
8385,"Q"
8386,"Q"
8387,"P"
8388,"U"
8389,"K"
8390,"Q"
8391,"U"
8392,"P"
8393,"b"
8394,"O"
8395,"U"
8396,"R"
8397,"R"
8398,"M"
8399,"S"
8400,"O"
8401,"T"
8402,"R"
8403,"V"
8404,"S"
8405,"N"
8406,"N"
8407,"J"
8408,"Q"
8409,"R"
8410,"Q"
8411,"R"
8412,"Q"
8413,"]"
8414,"Y"
8415,"O"
8416,"O"
8417,"S"
8418,"P"
8419,"T"
8420,"Y"
8421,"Y"
8422,"V"
8423,"L"
8424,"R"
8425,"R"
8426,"T"
8427,"T"
8428,"M"
8429,"W"
8430,"R"
8431,"P"
8432,"J"
8433,"N"
8434,"N"
8435,"J"
8436,"T"
8437,"X"
8438,"U"
8439,"C"
8440,"X"
8441,"H"
8442,"O"
8443,"T"
8444,"S"
8445,"a"
8446,"X"
8447,"_"
8448,"O"
8449,"O"
8450,"S"
8451,"b"
8452,"R"
8453,"L"
8454,"S"
8455,"R"
8456,"R"
8457,"M"
8458,"Z"
8459,"Y"
8460,"P"
8461,"R"
8462,"J"
8463,"M"
8464,"P"
8465,"["
8466,"S"
8467,"M"
8468,"Q"
8469,"J"
8470,"X"
8471,"Z"
8472,"N"
8473,"S"
8474,"M"
8475,"Q"
8476,"V"
8477,"S"
8478,"Z"
8479,"N"
8480,"W"
8481,"O"
8482,"R"
8483,"J"
8484,"S"
8485,"R"
8486,"V"
8487,"V"
8488,"N"
8489,"_"
8490,"K"
8491,"R"
8492,"O"
8493,"L"
8494,"T"
8495,"S"
8496,"R"
8497,"W"
8498,"U"
8499,"W"
8500,"U"
8501,"S"
8502,"Z"
8503,"U"
8504,"V"
8505,"O"
8506,"V"
8507,"U"
8508,"W"
8509,"N"
8510,"T"
8511,"Y"
8512,"P"
8513,"K"
8514,"P"
8515,"Q"
8516,"V"
8517,"P"
8518,"W"
8519,"Q"
8520,"\"
8521,"["
8522,"Y"
8523,"T"
8524,"S"
8525,"Q"
8526,"V"
8527,"T"
8528,"P"
8529,"\"
8530,"R"
8531,"S"
8532,"["
8533,"R"
8534,"M"
8535,"I"
8536,"J"
8537,"I"
8538,"K"
8539,"W"
8540,"V"
8541,"_"
8542,"P"
8543,"W"
8544,"P"
8545,"X"
8546,"S"
8547,"M"
8548,"W"
8549,"L"
8550,"N"
8551,"U"
8552,"R"
8553,"["
8554,"M"
8555,"N"
8556,"U"
8557,"V"
8558,"X"
8559,"K"
8560,"M"
8561,"R"
8562,"W"
8563,"M"
8564,"T"
8565,"R"
8566,"\"
8567,"P"
8568,"S"
8569,"N"
8570,"Q"
8571,"R"
8572,"O"
8573,"N"
8574,"N"
8575,"K"
8576,"N"
8577,"R"
8578,"X"
8579,"T"
8580,"O"
8581,"S"
8582,"X"
8583,"W"
8584,"U"
8585,"W"
8586,"S"
8587,"V"
8588,"U"
8589,"X"
8590,"P"
8591,"U"
8592,"O"
8593,"K"
8594,"T"
8595,"\"
8596,"M"
8597,"O"
8598,"X"
8599,"X"
8600,"X"
8601,"I"
8602,"X"
8603,"J"
8604,"I"
8605,"O"
8606,"G"
8607,"S"
8608,"L"
8609,"S"
8610,"O"
8611,"P"
8612,"Q"
8613,"Y"
8614,"Q"
8615,"R"
8616,"N"
8617,"S"
8618,"R"
8619,"Q"
8620,"S"
8621,"P"
8622,"Y"
8623,"U"
8624,"L"
8625,"M"
8626,"N"
8627,"U"
8628,"T"
8629,"S"
8630,"H"
8631,"M"
8632,"Z"
8633,"N"
8634,"P"
8635,"I"
8636,"X"
8637,"U"
8638,"U"
8639,"O"
8640,"W"
8641,"M"
8642,"N"
8643,"V"
8644,"T"
8645,"S"
8646,"K"
8647,"T"
8648,"S"
8649,"Q"
8650,"S"
8651,"R"
8652,"T"
8653,"L"
8654,"O"
8655,"L"
8656,"L"
8657,"O"
8658,"J"
8659,"S"
8660,"\"
8661,"O"
8662,"Y"
8663,"O"
8664,"Q"
8665,"X"
8666,"N"
8667,"S"
8668,"R"
8669,"U"
8670,"V"
8671,"W"
8672,"O"
8673,"Z"
8674,"R"
8675,"T"
8676,"S"
8677,"]"
8678,"P"
8679,"M"
8680,"U"
8681,"P"
8682,"W"
8683,"H"
8684,"R"
8685,"T"
8686,"O"
8687,"V"
8688,"M"
8689,"M"
8690,"N"
8691,"V"
8692,"X"
8693,"S"
8694,"S"
8695,"Q"
8696,"U"
8697,"["
8698,"U"
8699,"U"
8700,"V"
8701,"L"
8702,"R"
8703,"U"
8704,"W"
8705,"L"
8706,"["
8707,"P"
8708,"R"
8709,"Y"
8710,"Y"
8711,"X"
8712,"T"
8713,"Y"
8714,"X"
8715,"Q"
8716,"Y"
8717,"Y"
8718,"Q"
8719,"P"
8720,"U"
8721,"S"
8722,"R"
8723,"W"
8724,"T"
8725,"P"
8726,"U"
8727,"Y"
8728,"R"
8729,"Q"
8730,"U"
8731,"O"
8732,"O"
8733,"O"
8734,"S"
8735,"T"
8736,"Y"
8737,"L"
8738,"R"
8739,"P"
8740,"O"
8741,"Y"
8742,"T"
8743,"V"
8744,"W"
8745,"V"
8746,"U"
8747,"W"
8748,"N"
8749,"N"
8750,"D"
8751,"J"
8752,"N"
8753,"Y"
8754,"T"
8755,"Z"
8756,"V"
8757,"U"
8758,"U"
8759,"R"
8760,"["
8761,"P"
8762,"F"
8763,"V"
8764,"L"
8765,"X"
8766,"P"
8767,"["
8768,"O"
8769,"Q"
8770,"X"
8771,"T"
8772,"U"
8773,"V"
8774,"X"
8775,"U"
8776,"Q"
8777,"L"
8778,"P"
8779,"Q"
8780,"T"
8781,"M"
8782,"X"
8783,"Y"
8784,"X"
8785,"Q"
8786,"Q"
8787,"W"
8788,"R"
8789,"R"
8790,"T"
8791,"Y"
8792,"V"
8793,"Q"
8794,"R"
8795,"W"
8796,"W"
8797,"T"
8798,"M"
8799,"^"
8800,"W"
8801,"K"
8802,"R"
8803,"U"
8804,"\"
8805,"P"
8806,"O"
8807,"T"
8808,"T"
8809,"U"
8810,"S"
8811,"U"
8812,"O"
8813,"Q"
8814,"Y"
8815,"M"
8816,"T"
8817,"R"
8818,"K"
8819,"X"
8820,"O"
8821,"\"
8822,"H"
8823,"O"
8824,"V"
8825,"N"
8826,"V"
8827,"V"
8828,"R"
8829,"M"
8830,"R"
8831,"Y"
8832,"T"
8833,"X"
8834,"K"
8835,"T"
8836,"U"
8837,"S"
8838,"S"
8839,"S"
8840,"\"
8841,"Y"
8842,"R"
8843,"\"
8844,"N"
8845,"X"
8846,"X"
8847,"N"
8848,"J"
8849,"N"
8850,"T"
8851,"T"
8852,"P"
8853,"M"
8854,"R"
8855,"V"
8856,"R"
8857,"Y"
8858,"T"
8859,"P"
8860,"W"
8861,"R"
8862,"V"
8863,"R"
8864,"T"
8865,"]"
8866,"R"
8867,"N"
8868,"N"
8869,"W"
8870,"T"
8871,"S"
8872,"N"
8873,"L"
8874,"J"
8875,"O"
8876,"S"
8877,"Q"
8878,"Q"
8879,"\"
8880,"S"
8881,"W"
8882,"P"
8883,"W"
8884,"F"
8885,"S"
8886,"N"
8887,"H"
8888,"O"
8889,"S"
8890,"V"
8891,"P"
8892,"T"
8893,"Q"
8894,"\"
8895,"R"
8896,"R"
8897,"W"
8898,"\"
8899,"E"
8900,"Z"
8901,"S"
8902,"Z"
8903,"Q"
8904,"V"
8905,"N"
8906,"W"
8907,"V"
8908,"Y"
8909,"O"
8910,"Q"
8911,"L"
8912,"I"
8913,"M"
8914,"N"
8915,"R"
8916,"J"
8917,"W"
8918,"Q"
8919,"Q"
8920,"U"
8921,"P"
8922,"R"
8923,"I"
8924,"U"
8925,"W"
8926,"R"
8927,"W"
8928,"N"
8929,"T"
8930,"M"
8931,"S"
8932,"R"
8933,"L"
8934,"["
8935,"T"
8936,"T"
8937,"V"
8938,"N"
8939,"T"
8940,"O"
8941,"I"
8942,"N"
8943,"X"
8944,"Q"
8945,"["
8946,"W"
8947,"S"
8948,"R"
8949,"Q"
8950,"V"
8951,"T"
8952,"S"
8953,"W"
8954,"W"
8955,"K"
8956,"O"
8957,"T"
8958,"Q"
8959,"N"
8960,"P"
8961,"W"
8962,"N"
8963,"Q"
8964,"X"
8965,"X"
8966,"T"
8967,"N"
8968,"]"
8969,"Y"
8970,"Y"
8971,"H"
8972,"Y"
8973,"E"
8974,"W"
8975,"O"
8976,"P"
8977,"T"
8978,"_"
8979,"T"
8980,"K"
8981,"K"
8982,"T"
8983,"Z"
8984,"O"
8985,"U"
8986,"K"
8987,"R"
8988,"R"
8989,"S"
8990,"M"
8991,"I"
8992,"J"
8993,"T"
8994,"Y"
8995,"O"
8996,"^"
8997,"["
8998,"F"
8999,"N"
9000,"U"
9001,"T"
9002,"M"
9003,"T"
9004,"T"
9005,"I"
9006,"Z"
9007,"Q"
9008,"K"
9009,"W"
9010,"H"
9011,"T"
9012,"Y"
9013,"["
9014,"\"
9015,"\"
9016,"L"
9017,"X"
9018,"N"
9019,"X"
9020,"T"
9021,"U"
9022,"V"
9023,"P"
9024,"U"
9025,"X"
9026,"["
9027,"P"
9028,"P"
9029,"["
9030,"O"
9031,"O"
9032,"\"
9033,"W"
9034,"S"
9035,"K"
9036,"G"
9037,"P"
9038,"P"
9039,"R"
9040,"N"
9041,"N"
9042,"S"
9043,"O"
9044,"P"
9045,"S"
9046,"H"
9047,"R"
9048,"S"
9049,"Q"
9050,"X"
9051,"P"
9052,"Q"
9053,"`"
9054,"O"
9055,"H"
9056,"W"
9057,"Y"
9058,"O"
9059,"V"
9060,"U"
9061,"W"
9062,"Y"
9063,"U"
9064,"\"
9065,"X"
9066,"I"
9067,"V"
9068,"O"
9069,"X"
9070,"N"
9071,"W"
9072,"V"
9073,"W"
9074,"^"
9075,"\"
9076,"X"
9077,"U"
9078,"P"
9079,"U"
9080,"P"
9081,"R"
9082,"\"
9083,"R"
9084,"U"
9085,"T"
9086,"R"
9087,"M"
9088,"X"
9089,"L"
9090,"T"
9091,"S"
9092,"U"
9093,"U"
9094,"F"
9095,"J"
9096,"O"
9097,"P"
9098,"K"
9099,"M"
9100,"Z"
9101,"O"
9102,"Y"
9103,"U"
9104,"\"
9105,"J"
9106,"V"
9107,"R"
9108,"S"
9109,"\"
9110,"K"
9111,"O"
9112,"U"
9113,"W"
9114,"P"
9115,"X"
9116,"N"
9117,"Q"
9118,"V"
9119,"P"
9120,"T"
9121,"Q"
9122,"Y"
9123,"N"
9124,"V"
9125,"H"
9126,"G"
9127,"L"
9128,"W"
9129,"O"
9130,"N"
9131,"S"
9132,"V"
9133,"F"
9134,"X"
9135,"S"
9136,"V"
9137,"Z"
9138,"O"
9139,"W"
9140,"N"
9141,"O"
9142,"N"
9143,"U"
9144,"J"
9145,"M"
9146,"N"
9147,"]"
9148,"R"
9149,"N"
9150,"S"
9151,"Y"
9152,"V"
9153,"P"
9154,"L"
9155,"I"
9156,"U"
9157,"T"
9158,"X"
9159,"W"
9160,"A"
9161,"O"
9162,"T"
9163,"W"
9164,"I"
9165,"Y"
9166,"R"
9167,"["
9168,"V"
9169,"\"
9170,"Y"
9171,"M"
9172,"W"
9173,"O"
9174,"V"
9175,"T"
9176,"M"
9177,"W"
9178,"O"
9179,"L"
9180,"a"
9181,"X"
9182,"V"
9183,"N"
9184,"]"
9185,"L"
9186,"S"
9187,"U"
9188,"V"
9189,"W"
9190,"O"
9191,"N"
9192,"R"
9193,"T"
9194,"S"
9195,"Q"
9196,"P"
9197,"G"
9198,"R"
9199,"L"
9200,"N"
9201,"["
9202,"R"
9203,"R"
9204,"P"
9205,"M"
9206,"O"
9207,"L"
9208,"T"
9209,"P"
9210,"K"
9211,"S"
9212,"["
9213,"R"
9214,"S"
9215,"Q"
9216,"]"
9217,"N"
9218,"N"
9219,"U"
9220,"R"
9221,"W"
9222,"M"
9223,"N"
9224,"M"
9225,"V"
9226,"W"
9227,"S"
9228,"W"
9229,"Q"
9230,"S"
9231,"V"
9232,"U"
9233,"Q"
9234,"O"
9235,"X"
9236,"Y"
9237,"I"
9238,"L"
9239,"T"
9240,"Z"
9241,"L"
9242,"Q"
9243,"Q"
9244,"F"
9245,"Y"
9246,"M"
9247,"]"
9248,"U"
9249,"Y"
9250,"V"
9251,"V"
9252,"T"
9253,"X"
9254,"W"
9255,"N"
9256,"L"
9257,"V"
9258,"N"
9259,"M"
9260,"P"
9261,"V"
9262,"U"
9263,"Q"
9264,"Y"
9265,"T"
9266,"Y"
9267,"X"
9268,"L"
9269,"T"
9270,"Y"
9271,"N"
9272,"V"
9273,"X"
9274,"T"
9275,"T"
9276,"F"
9277,"J"
9278,"O"
9279,"P"
9280,"S"
9281,"R"
9282,"P"
9283,"^"
9284,"O"
9285,"X"
9286,"Y"
9287,"V"
9288,"R"
9289,"R"
9290,"W"
9291,"M"
9292,"W"
9293,"P"
9294,"W"
9295,"O"
9296,"W"
9297,"L"
9298,"J"
9299,"J"
9300,"O"
9301,"S"
9302,"W"
9303,"["
9304,"S"
9305,"W"
9306,"K"
9307,"\"
9308,"M"
9309,"\"
9310,"T"
9311,"O"
9312,"X"
9313,"M"
9314,"T"
9315,"W"
9316,"O"
9317,"Q"
9318,"X"
9319,"O"
9320,"V"
9321,"P"
9322,"N"
9323,"V"
9324,"N"
9325,"L"
9326,"L"
9327,"H"
9328,"P"
9329,"L"
9330,"O"
9331,"U"
9332,"O"
9333,"O"
9334,"T"
9335,"W"
9336,"S"
9337,"Z"
9338,"S"
9339,"["
9340,"W"
9341,"Q"
9342,"U"
9343,"T"
9344,"Q"
9345,"Z"
9346,"K"
9347,"S"
9348,"R"
9349,"Y"
9350,"Q"
9351,"T"
9352,"U"
9353,"N"
9354,"I"
9355,"W"
9356,"U"
9357,"V"
9358,"V"
9359,"W"
9360,"J"
9361,"P"
9362,"T"
9363,"S"
9364,"X"
9365,"N"
9366,"X"
9367,"P"
9368,"]"
9369,"Z"
9370,"T"
9371,"J"
9372,"Q"
9373,"S"
9374,"J"
9375,"V"
9376,"R"
9377,"O"
9378,"N"
9379,"O"
9380,"O"
9381,"R"
9382,"P"
9383,"["
9384,"R"
9385,"U"
9386,"D"
9387,"N"
9388,"W"
9389,"R"
9390,"Y"
9391,"N"
9392,"Q"
9393,"L"
9394,"U"
9395,"I"
9396,"L"
9397,"N"
9398,"Q"
9399,"P"
9400,"M"
9401,"O"
9402,"]"
9403,"Y"
9404,"S"
9405,"M"
9406,"L"
9407,"H"
9408,"V"
9409,"R"
9410,"T"
9411,"M"
9412,"R"
9413,"S"
9414,"]"
9415,"b"
9416,"H"
9417,"G"
9418,"T"
9419,"T"
9420,"Q"
9421,"S"
9422,"U"
9423,"X"
9424,"N"
9425,"U"
9426,"M"
9427,"^"
9428,"["
9429,"S"
9430,"P"
9431,"P"
9432,"X"
9433,"X"
9434,"O"
9435,"O"
9436,"N"
9437,"Q"
9438,"`"
9439,"U"
9440,"T"
9441,"V"
9442,"V"
9443,"K"
9444,"L"
9445,"M"
9446,"U"
9447,"U"
9448,"P"
9449,"O"
9450,"Z"
9451,"Z"
9452,"N"
9453,"T"
9454,"Y"
9455,"O"
9456,"R"
9457,"S"
9458,"Q"
9459,"O"
9460,"P"
9461,"X"
9462,"L"
9463,"M"
9464,"R"
9465,"Z"
9466,"L"
9467,"O"
9468,"S"
9469,"R"
9470,"P"
9471,"V"
9472,"U"
9473,"Z"
9474,"Y"
9475,"Q"
9476,"R"
9477,"Y"
9478,"N"
9479,"a"
9480,"R"
9481,"N"
9482,"P"
9483,"U"
9484,"["
9485,"J"
9486,"Q"
9487,"P"
9488,"S"
9489,"N"
9490,"Q"
9491,"b"
9492,"J"
9493,"P"
9494,"Q"
9495,"X"
9496,"S"
9497,"L"
9498,"T"
9499,"Q"
9500,"X"
9501,"O"
9502,"V"
9503,"Q"
9504,"M"
9505,"P"
9506,"Q"
9507,"P"
9508,"Q"
9509,"\"
9510,"T"
9511,"V"
9512,"T"
9513,"W"
9514,"C"
9515,"C"
9516,"P"
9517,"T"
9518,"]"
9519,"O"
9520,"W"
9521,"N"
9522,"P"
9523,"\"
9524,"Q"
9525,"Y"
9526,"Z"
9527,"U"
9528,"S"
9529,"O"
9530,"U"
9531,"O"
9532,"V"
9533,"X"
9534,"O"
9535,"V"
9536,"W"
9537,"Q"
9538,"S"
9539,"U"
9540,"["
9541,"U"
9542,"]"
9543,"R"
9544,"["
9545,"K"
9546,"U"
9547,"T"
9548,"["
9549,"S"
9550,"P"
9551,"V"
9552,"W"
9553,"R"
9554,"W"
9555,"S"
9556,"O"
9557,"Z"
9558,"Q"
9559,"["
9560,"H"
9561,"U"
9562,"O"
9563,"M"
9564,"V"
9565,"Q"
9566,"N"
9567,"V"
9568,"N"
9569,"R"
9570,"Z"
9571,"P"
9572,"P"
9573,"Y"
9574,"L"
9575,"P"
9576,"["
9577,"O"
9578,"M"
9579,"U"
9580,"W"
9581,"X"
9582,"P"
9583,"N"
9584,"P"
9585,"G"
9586,"Q"
9587,"U"
9588,"V"
9589,"P"
9590,"Z"
9591,"Q"
9592,"T"
9593,"R"
9594,"R"
9595,"U"
9596,"Q"
9597,"M"
9598,"\"
9599,"N"
9600,"V"
9601,"["
9602,"O"
9603,"\"
9604,"U"
9605,"I"
9606,"F"
9607,"O"
9608,"X"
9609,"["
9610,"c"
9611,"U"
9612,"P"
9613,"L"
9614,"M"
9615,"H"
9616,"Z"
9617,"S"
9618,"S"
9619,"X"
9620,"R"
9621,"L"
9622,"Y"
9623,"S"
9624,"Q"
9625,"T"
9626,"["
9627,"P"
9628,"N"
9629,"K"
9630,"S"
9631,"L"
9632,"Z"
9633,"S"
9634,"R"
9635,"G"
9636,"W"
9637,"Q"
9638,"N"
9639,"S"
9640,"c"
9641,"S"
9642,"S"
9643,"M"
9644,"U"
9645,"`"
9646,"Q"
9647,"J"
9648,"X"
9649,"T"
9650,"M"
9651,"T"
9652,"O"
9653,"S"
9654,"V"
9655,"S"
9656,"O"
9657,"U"
9658,"Z"
9659,"Z"
9660,"V"
9661,"T"
9662,"V"
9663,"X"
9664,"G"
9665,"N"
9666,"^"
9667,"W"
9668,"Q"
9669,"Y"
9670,"U"
9671,"U"
9672,"W"
9673,"Q"
9674,"S"
9675,"["
9676,"L"
9677,"S"
9678,"^"
9679,"Q"
9680,"V"
9681,"P"
9682,"O"
9683,"R"
9684,"O"
9685,"T"
9686,"J"
9687,"T"
9688,"M"
9689,"Q"
9690,"^"
9691,"R"
9692,"P"
9693,"N"
9694,"R"
9695,"H"
9696,"R"
9697,"Q"
9698,"Q"
9699,"R"
9700,"S"
9701,"T"
9702,"K"
9703,"c"
9704,"P"
9705,"Z"
9706,"T"
9707,"P"
9708,"\"
9709,"O"
9710,"N"
9711,"R"
9712,"S"
9713,"N"
9714,"T"
9715,"T"
9716,"T"
9717,"U"
9718,"X"
9719,"V"
9720,"Q"
9721,"N"
9722,"P"
9723,"S"
9724,"S"
9725,"V"
9726,"Q"
9727,"O"
9728,"V"
9729,"c"
9730,"S"
9731,"W"
9732,"Q"
9733,"O"
9734,"M"
9735,"V"
9736,"H"
9737,"O"
9738,"T"
9739,"Q"
9740,"V"
9741,"O"
9742,"Q"
9743,"U"
9744,"Z"
9745,"W"
9746,"W"
9747,"_"
9748,"V"
9749,"Q"
9750,"K"
9751,"U"
9752,"Y"
9753,"U"
9754,"Q"
9755,"P"
9756,"S"
9757,"O"
9758,"Q"
9759,"N"
9760,"N"
9761,"Z"
9762,"^"
9763,"O"
9764,"Q"
9765,"W"
9766,"R"
9767,"T"
9768,"K"
9769,"Q"
9770,"H"
9771,"V"
9772,"T"
9773,"Y"
9774,"\"
9775,"L"
9776,"Q"
9777,"R"
9778,"P"
9779,"]"
9780,"U"
9781,"P"
9782,"G"
9783,"T"
9784,"U"
9785,"Q"
9786,"T"
9787,"Z"
9788,"X"
9789,"P"
9790,"U"
9791,"V"
9792,"L"
9793,"["
9794,"P"
9795,"T"
9796,"U"
9797,"Y"
9798,"U"
9799,"P"
9800,"I"
9801,"M"
9802,"P"
9803,"J"
9804,"Q"
9805,"P"
9806,"R"
9807,"P"
9808,"N"
9809,"I"
9810,"Z"
9811,"U"
9812,"Y"
9813,"O"
9814,"["
9815,"T"
9816,"]"
9817,"E"
9818,"Z"
9819,"J"
9820,"Q"
9821,"W"
9822,"K"
9823,"X"
9824,"G"
9825,"Y"
9826,"O"
9827,"M"
9828,"S"
9829,"Q"
9830,"T"
9831,"R"
9832,"O"
9833,"Y"
9834,"T"
9835,"\"
9836,"P"
9837,"I"
9838,"S"
9839,"U"
9840,"N"
9841,"\"
9842,"O"
9843,"N"
9844,"Z"
9845,"T"
9846,"V"
9847,"P"
9848,"S"
9849,"K"
9850,"J"
9851,"O"
9852,"T"
9853,"\"
9854,"M"
9855,"P"
9856,"N"
9857,"Z"
9858,"N"
9859,"Z"
9860,"_"
9861,"P"
9862,"I"
9863,"Q"
9864,"X"
9865,"["
9866,"S"
9867,"Q"
9868,"S"
9869,"U"
9870,"J"
9871,"O"
9872,"_"
9873,"V"
9874,"\"
9875,"R"
9876,"N"
9877,"S"
9878,"R"
9879,"N"
9880,"P"
9881,"R"
9882,"O"
9883,"N"
9884,"Q"
9885,"R"
9886,"D"
9887,"O"
9888,"W"
9889,"J"
9890,"U"
9891,"K"
9892,"O"
9893,"Y"
9894,"V"
9895,"R"
9896,"U"
9897,"W"
9898,"M"
9899,"M"
9900,"P"
9901,"Q"
9902,"S"
9903,"R"
9904,"T"
9905,"T"
9906,"W"
9907,"U"
9908,"K"
9909,"W"
9910,"T"
9911,"L"
9912,"["
9913,"O"
9914,"Q"
9915,"P"
9916,"N"
9917,"X"
9918,"S"
9919,"T"
9920,"U"
9921,"Q"
9922,"M"
9923,"N"
9924,"V"
9925,"K"
9926,"K"
9927,"V"
9928,"L"
9929,"O"
9930,"Z"
9931,"S"
9932,"V"
9933,"S"
9934,"J"
9935,"M"
9936,"K"
9937,"O"
9938,"S"
9939,"P"
9940,"U"
9941,"X"
9942,"O"
9943,"O"
9944,"T"
9945,"Q"
9946,"^"
9947,"P"
9948,"P"
9949,"S"
9950,"X"
9951,"d"
9952,"^"
9953,"V"
9954,"J"
9955,"G"
9956,"V"
9957,"Q"
9958,"V"
9959,"Y"
9960,"R"
9961,"W"
9962,"W"
9963,"U"
9964,"U"
9965,"Z"
9966,"V"
9967,"Q"
9968,"Z"
9969,"O"
9970,"X"
9971,"W"
9972,"Q"
9973,"P"
9974,"S"
9975,"U"
9976,"P"
9977,"["
9978,"^"
9979,"V"
9980,"V"
9981,"S"
9982,"M"
9983,"W"
9984,"M"
9985,"T"
9986,"M"
9987,"L"
9988,"V"
9989,"L"
9990,"J"
9991,"T"
9992,"Q"
9993,"T"
9994,"S"
9995,"M"
9996,"K"
9997,"T"
9998,"U"
9999,"^"
10000,"T"
10001,"Y"
10002,"W"
10003,"S"
10004,"S"
10005,"T"
10006,"L"
10007,"T"
10008,"R"
10009,"O"
10010,"N"
10011,"R"
10012,"Q"
10013,"Z"
10014,"V"
10015,"G"
10016,"Z"
10017,"Q"
10018,"Q"
10019,"M"
10020,"X"
10021,"M"
10022,"Y"
10023,"S"
10024,"X"
10025,"N"
10026,"U"
10027,"N"
10028,"O"
10029,"W"
10030,"O"
10031,"R"
10032,"U"
10033,"Z"
10034,"I"
10035,"U"
10036,"M"
10037,"T"
10038,"R"
10039,"M"
10040,"X"
10041,"U"
10042,"Q"
10043,"L"
10044,"Y"
10045,"P"
10046,"Q"
10047,"R"
10048,"O"
10049,"_"
10050,"X"
10051,"["
10052,"T"
10053,"J"
10054,"V"
10055,"N"
10056,"O"
10057,"T"
10058,"T"
10059,"W"
10060,"N"
10061,"S"
10062,"U"
10063,"P"
10064,"W"
10065,"Y"
10066,"N"
10067,"R"
10068,"T"
10069,"M"
10070,"W"
10071,"S"
10072,"S"
10073,"S"
10074,"U"
10075,"N"
10076,"V"
10077,"X"
10078,"["
10079,"F"
10080,"W"
10081,"R"
10082,"U"
10083,"O"
10084,"S"
10085,"Q"
10086,"Q"
10087,"U"
10088,"P"
10089,"S"
10090,"Z"
10091,"S"
10092,"N"
10093,"V"
10094,"U"
10095,"Z"
10096,"S"
10097,"P"
10098,"H"
10099,"W"
10100,"R"
10101,"Z"
10102,"["
10103,"Y"
10104,"W"
10105,"W"
10106,"R"
10107,"P"
10108,"N"
10109,"T"
10110,"S"
10111,"V"
10112,"N"
10113,"T"
10114,"N"
10115,"["
10116,"T"
10117,"U"
10118,"X"
10119,"M"
10120,"]"
10121,"]"
10122,"U"
10123,"M"
10124,"Q"
10125,"S"
10126,"T"
10127,"R"
10128,"\"
10129,"N"
10130,"S"
10131,"T"
10132,"G"
10133,"U"
10134,"\"
10135,"H"
10136,"T"
10137,"W"
10138,"T"
10139,"U"
10140,"K"
10141,"M"
10142,"R"
10143,"Q"
10144,"^"
10145,"R"
10146,"O"
10147,"T"
10148,"X"
10149,"_"
10150,"T"
10151,"Y"
10152,"B"
10153,"L"
10154,"V"
10155,"Y"
10156,"Q"
10157,"P"
10158,"R"
10159,"S"
10160,"W"
10161,"P"
10162,"O"
10163,"R"
10164,"N"
10165,"S"
10166,"N"
10167,"U"
10168,"O"
10169,"O"
10170,"S"
10171,"V"
10172,"N"
10173,"V"
10174,"["
10175,"V"
10176,"\"
10177,"L"
10178,"T"
10179,"T"
10180,"\"
10181,"U"
10182,"N"
10183,"V"
10184,"R"
10185,"S"
10186,"_"
10187,"O"
10188,"Q"
10189,"T"
10190,"\"
10191,"T"
10192,"O"
10193,"`"
10194,"P"
10195,"M"
10196,"Z"
10197,"U"
10198,"T"
10199,"V"
10200,"F"
10201,"J"
10202,"Q"
10203,"M"
10204,"P"
10205,"Z"
10206,"L"
10207,"V"
10208,"U"
10209,"S"
10210,"L"
10211,"L"
10212,"X"
10213,"G"
10214,"X"
10215,"Q"
10216,"O"
10217,"X"
10218,"X"
10219,"Y"
10220,"V"
10221,"P"
10222,"S"
10223,"L"
10224,"I"
10225,"S"
10226,"O"
10227,"S"
10228,"R"
10229,"X"
10230,"P"
10231,"c"
10232,"V"
10233,"V"
10234,"S"
10235,"L"
10236,"V"
10237,"V"
10238,"["
10239,"S"
10240,"R"
10241,"K"
10242,"P"
10243,"R"
10244,"V"
10245,"J"
10246,"Q"
10247,"U"
10248,"T"
10249,"S"
10250,"S"
10251,"K"
10252,"K"
10253,"R"
10254,"U"
10255,"Q"
10256,"V"
10257,"Q"
10258,"R"
10259,"Z"
10260,"F"
10261,"O"
10262,"Q"
10263,"W"
10264,"R"
10265,"]"
10266,"Q"
10267,"R"
10268,"V"
10269,"R"
10270,"V"
10271,"O"
10272,"N"
10273,"L"
10274,"S"
10275,"Y"
10276,"Q"
10277,"J"
10278,"T"
10279,"J"
10280,"P"
10281,"P"
10282,"O"
10283,"T"
10284,"N"
10285,"R"
10286,"Y"
10287,"M"
10288,"T"
10289,"L"
10290,"Q"
10291,"L"
10292,"Q"
10293,"S"
10294,"X"
10295,"S"
10296,"T"
10297,"O"
10298,"M"
10299,"T"
10300,"U"
10301,"P"
10302,"G"
10303,"M"
10304,"Q"
10305,"K"
10306,"H"
10307,"V"
10308,"Q"
10309,"U"
10310,"T"
10311,"S"
10312,"O"
10313,"K"
10314,"T"
10315,"N"
10316,"]"
10317,"R"
10318,"Z"
10319,"R"
10320,"_"
10321,"Z"
10322,"Z"
10323,"V"
10324,"T"
10325,"X"
10326,"O"
10327,"S"
10328,"O"
10329,"P"
10330,"T"
10331,"U"
10332,"T"
10333,"Z"
10334,"R"
10335,"Y"
10336,"R"
10337,"L"
10338,"V"
10339,"\"
10340,"O"
10341,"U"
10342,"T"
10343,"U"
10344,"P"
10345,"R"
10346,"["
10347,"U"
10348,"Q"
10349,"T"
10350,"a"
10351,"Y"
10352,"T"
10353,"V"
10354,"R"
10355,"S"
10356,"F"
10357,"T"
10358,"S"
10359,"L"
10360,"L"
10361,"T"
10362,"\"
10363,"W"
10364,"J"
10365,"W"
10366,"X"
10367,"W"
10368,"\"
10369,"["
10370,"W"
10371,"M"
10372,"Z"
10373,"T"
10374,"N"
10375,"Z"
10376,"O"
10377,"T"
10378,"O"
10379,"T"
10380,"]"
10381,"T"
10382,"T"
10383,"S"
10384,"R"
10385,"T"
10386,"M"
10387,"O"
10388,"S"
10389,"N"
10390,"S"
10391,"U"
10392,"U"
10393,"Q"
10394,"M"
10395,"T"
10396,"P"
10397,"R"
10398,"`"
10399,"O"
10400,"T"
10401,"M"
10402,"W"
10403,"P"
10404,"T"
10405,"O"
10406,"P"
10407,"X"
10408,"U"
10409,"W"
10410,"Q"
10411,"V"
10412,"P"
10413,"V"
10414,"P"
10415,"]"
10416,"P"
10417,"["
10418,"S"
10419,"P"
10420,"U"
10421,"R"
10422,"T"
10423,"M"
10424,"V"
10425,"\"
10426,"W"
10427,"Q"
10428,"G"
10429,"R"
10430,"S"
10431,"S"
10432,"K"
10433,"S"
10434,"W"
10435,"V"
10436,"T"
10437,"G"
10438,"R"
10439,"U"
10440,"]"
10441,"S"
10442,"X"
10443,"R"
10444,"O"
10445,"N"
10446,"O"
10447,"Y"
10448,"I"
10449,"X"
10450,"R"
10451,"Z"
10452,"N"
10453,"Z"
10454,"H"
10455,"Q"
10456,"R"
10457,"M"
10458,"U"
10459,"W"
10460,"R"
10461,"S"
10462,"G"
10463,"S"
10464,"\"
10465,"X"
10466,"K"
10467,"N"
10468,"V"
10469,"X"
10470,"K"
10471,"V"
10472,"Y"
10473,"K"
10474,"W"
10475,"R"
10476,"V"
10477,"S"
10478,"P"
10479,"V"
10480,"R"
10481,"O"
10482,"^"
10483,"M"
10484,"U"
10485,"W"
10486,"Q"
10487,"K"
10488,"K"
10489,"S"
10490,"W"
10491,"I"
10492,"N"
10493,"T"
10494,"T"
10495,"U"
10496,"X"
10497,"R"
10498,"L"
10499,"U"
10500,"U"
10501,"U"
10502,"W"
10503,"S"
10504,"U"
10505,"T"
10506,"S"
10507,"T"
10508,"N"
10509,"^"
10510,"S"
10511,"V"
10512,"L"
10513,"S"
10514,"K"
10515,"V"
10516,"M"
10517,"^"
10518,"Q"
10519,"V"
10520,"P"
10521,"T"
10522,"P"
10523,"V"
10524,"Q"
10525,"X"
10526,"S"
10527,"W"
10528,"P"
10529,"X"
10530,"O"
10531,"M"
10532,"T"
10533,"R"
10534,"K"
10535,"Q"
10536,"\"
10537,"P"
10538,"["
10539,"V"
10540,"Z"
10541,"a"
10542,"P"
10543,"U"
10544,"S"
10545,"_"
10546,"O"
10547,"K"
10548,"N"
10549,"L"
10550,"O"
10551,"Q"
10552,"V"
10553,"P"
10554,"O"
10555,"Q"
10556,"V"
10557,"R"
10558,"]"
10559,"L"
10560,"Q"
10561,"N"
10562,"S"
10563,"["
10564,"X"
10565,"O"
10566,"T"
10567,"W"
10568,"Q"
10569,"Y"
10570,"V"
10571,"S"
10572,"S"
10573,"X"
10574,"R"
10575,"Q"
10576,"]"
10577,"R"
10578,"J"
10579,"T"
10580,"P"
10581,"Q"
10582,"W"
10583,"V"
10584,"T"
10585,"["
10586,"O"
10587,"X"
10588,"Q"
10589,"["
10590,"R"
10591,"R"
10592,"U"
10593,"Q"
10594,"R"
10595,"D"
10596,"H"
10597,"S"
10598,"["
10599,"Y"
10600,"U"
10601,"O"
10602,"N"
10603,"Y"
10604,"M"
10605,"\"
10606,"\"
10607,"T"
10608,"S"
10609,"Q"
10610,"Y"
10611,"R"
10612,"U"
10613,"U"
10614,"S"
10615,"S"
10616,"]"
10617,"U"
10618,"L"
10619,"Q"
10620,"V"
10621,"["
10622,"M"
10623,"J"
10624,"X"
10625,"R"
10626,"X"
10627,"V"
10628,"R"
10629,"O"
10630,"Z"
10631,"O"
10632,"N"
10633,"U"
10634,"L"
10635,"d"
10636,"S"
10637,"Y"
10638,"_"
10639,"T"
10640,"X"
10641,"U"
10642,"M"
10643,"N"
10644,"M"
10645,"P"
10646,"X"
10647,"P"
10648,"U"
10649,"P"
10650,"P"
10651,"M"
10652,"["
10653,"`"
10654,"S"
10655,"N"
10656,"G"
10657,"P"
10658,"M"
10659,"\"
10660,"T"
10661,"^"
10662,"P"
10663,"Q"
10664,"O"
10665,"X"
10666,"N"
10667,"U"
10668,"S"
10669,"R"
10670,"W"
10671,"L"
10672,"R"
10673,"S"
10674,"\"
10675,"_"
10676,"T"
10677,"X"
10678,"J"
10679,"Y"
10680,"P"
10681,"]"
10682,"U"
10683,"Q"
10684,"J"
10685,"X"
10686,"U"
10687,"T"
10688,"T"
10689,"N"
10690,"V"
10691,"W"
10692,"R"
10693,"M"
10694,"J"
10695,"E"
10696,"O"
10697,"R"
10698,"V"
10699,"Q"
10700,"P"
10701,"V"
10702,"O"
10703,"V"
10704,"N"
10705,"U"
10706,"J"
10707,"X"
10708,"X"
10709,"V"
10710,"W"
10711,"H"
10712,"Q"
10713,"U"
10714,"W"
10715,"O"
10716,"P"
10717,"Q"
10718,"W"
10719,"W"
10720,"W"
10721,"S"
10722,"I"
10723,"Z"
10724,"P"
10725,"S"
10726,"K"
10727,"Q"
10728,"N"
10729,"O"
10730,"U"
10731,"P"
10732,"P"
10733,"\"
10734,"S"
10735,"N"
10736,"S"
10737,"U"
10738,"X"
10739,"]"
10740,"R"
10741,"W"
10742,"T"
10743,"Y"
10744,"S"
10745,"S"
10746,"V"
10747,"T"
10748,"U"
10749,"O"
10750,"R"
10751,"D"
10752,"U"
10753,"_"
10754,"Q"
10755,"S"
10756,"U"
10757,"K"
10758,"M"
10759,"O"
10760,"M"
10761,"S"
10762,"L"
10763,"R"
10764,"N"
10765,"N"
10766,"P"
10767,"U"
10768,"W"
10769,"U"
10770,"R"
10771,"Y"
10772,"Y"
10773,"N"
10774,"X"
10775,"V"
10776,"V"
10777,"Q"
10778,"Q"
10779,"W"
10780,"P"
10781,"Q"
10782,"T"
10783,"R"
10784,"Y"
10785,"I"
10786,"R"
10787,"S"
10788,"O"
10789,"T"
10790,"P"
10791,"S"
10792,"["
10793,"R"
10794,"V"
10795,"T"
10796,"T"
10797,"R"
10798,"U"
10799,"N"
10800,"S"
10801,"R"
10802,"T"
10803,"V"
10804,"V"
10805,"R"
10806,"W"
10807,"R"
10808,"N"
10809,"V"
10810,"P"
10811,"R"
10812,"J"
10813,"P"
10814,"N"
10815,"F"
10816,"P"
10817,"U"
10818,"Q"
10819,"M"
10820,"a"
10821,"N"
10822,"M"
10823,"P"
10824,"X"
10825,"I"
10826,"Y"
10827,"R"
10828,"S"
10829,"T"
10830,"Q"
10831,"T"
10832,"U"
10833,"P"
10834,"Q"
10835,"X"
10836,"_"
10837,"O"
10838,"W"
10839,"Q"
10840,"`"
10841,"W"
10842,"T"
10843,"P"
10844,"U"
10845,"N"
10846,"["
10847,"W"
10848,"K"
10849,"T"
10850,"O"
10851,"V"
10852,"R"
10853,"N"
10854,"]"
10855,"Y"
10856,"Q"
10857,"V"
10858,"["
10859,"R"
10860,"N"
10861,"V"
10862,"P"
10863,"Y"
10864,"S"
10865,"L"
10866,"M"
10867,"L"
10868,"C"
10869,"T"
10870,"W"
10871,"Y"
10872,"N"
10873,"S"
10874,"Q"
10875,"P"
10876,"U"
10877,"O"
10878,"R"
10879,"Y"
10880,"P"
10881,"Q"
10882,"O"
10883,"W"
10884,"N"
10885,"T"
10886,"X"
10887,"S"
10888,"Z"
10889,"N"
10890,"U"
10891,"_"
10892,"Z"
10893,"T"
10894,"Q"
10895,"S"
10896,"O"
10897,"S"
10898,"X"
10899,"M"
10900,"O"
10901,"S"
10902,"Y"
10903,"V"
10904,"N"
10905,"N"
10906,"T"
10907,"H"
10908,"O"
10909,"W"
10910,"T"
10911,"S"
10912,"^"
10913,"Z"
10914,"Z"
10915,"W"
10916,"V"
10917,"V"
10918,"Y"
10919,"Z"
10920,"T"
10921,"U"
10922,"U"
10923,"O"
10924,"V"
10925,"S"
10926,"P"
10927,"R"
10928,"S"
10929,"R"
10930,"T"
10931,"R"
10932,"Z"
10933,"P"
10934,"N"
10935,"U"
10936,"L"
10937,"S"
10938,"`"
10939,"S"
10940,"R"
10941,"M"
10942,"W"
10943,"R"
10944,"R"
10945,"W"
10946,"T"
10947,"^"
10948,"S"
10949,"^"
10950,"Q"
10951,"Q"
10952,"S"
10953,"T"
10954,"O"
10955,"S"
10956,"G"
10957,"K"
10958,"K"
10959,"T"
10960,"O"
10961,"F"
10962,"J"
10963,"K"
10964,"M"
10965,"T"
10966,"W"
10967,"T"
10968,"K"
10969,"N"
10970,"N"
10971,"R"
10972,"X"
10973,"L"
10974,"\"
10975,"O"
10976,"Y"
10977,"V"
10978,"Q"
10979,"M"
10980,"O"
10981,"N"
10982,"P"
10983,"M"
10984,"T"
10985,"Y"
10986,"["
10987,"R"
10988,"P"
10989,"Q"
10990,"X"
10991,"Q"
10992,"X"
10993,"U"
10994,"U"
10995,"S"
10996,"Z"
10997,"U"
10998,"R"
10999,"V"
11000,"V"
11001,"S"
11002,"N"
11003,"]"
11004,"U"
11005,"X"
11006,"P"
11007,"S"
11008,"V"
11009,"U"
11010,"P"
11011,"Y"
11012,"W"
11013,"Q"
11014,"O"
11015,"U"
11016,"U"
11017,"R"
11018,"U"
11019,"K"
11020,"Q"
11021,"U"
11022,"X"
11023,"]"
11024,"T"
11025,"`"
11026,"O"
11027,"["
11028,"R"
11029,"S"
11030,"W"
11031,"["
11032,"W"
11033,"Z"
11034,"Z"
11035,"a"
11036,"T"
11037,"Y"
11038,"\"
11039,"["
11040,"X"
11041,"R"
11042,"R"
11043,"S"
11044,"S"
11045,"S"
11046,"O"
11047,"N"
11048,"L"
11049,"S"
11050,"L"
11051,"S"
11052,"["
11053,"U"
11054,"V"
11055,"`"
11056,"P"
11057,"U"
11058,"X"
11059,"R"
11060,"N"
11061,"T"
11062,"P"
11063,"Q"
11064,"U"
11065,"P"
11066,"Z"
11067,"T"
11068,"E"
11069,"V"
11070,"T"
11071,"_"
11072,"P"
11073,"O"
11074,"N"
11075,"P"
11076,"L"
11077,"Q"
11078,"C"
11079,"L"
11080,"N"
11081,"P"
11082,"N"
11083,"S"
11084,"X"
11085,"["
11086,"`"
11087,"O"
11088,"J"
11089,"X"
11090,"Q"
11091,"W"
11092,"S"
11093,"R"
11094,"Y"
11095,"X"
11096,"S"
11097,"N"
11098,"N"
11099,"V"
11100,"\"
11101,"X"
11102,"J"
11103,"N"
11104,"R"
11105,"T"
11106,"Z"
11107,"Q"
11108,"S"
11109,"U"
11110,"O"
11111,"T"
11112,"H"
11113,"N"
11114,"S"
11115,"W"
11116,"W"
11117,"O"
11118,"R"
11119,"S"
11120,"E"
11121,"S"
11122,"["
11123,"M"
11124,"K"
11125,"U"
11126,"M"
11127,"R"
11128,"Q"
11129,"M"
11130,"R"
11131,"S"
11132,"Y"
11133,"Y"
11134,"R"
11135,"L"
11136,"Q"
11137,"T"
11138,"\"
11139,"S"
11140,"P"
11141,"R"
11142,"U"
11143,"M"
11144,"W"
11145,"V"
11146,"Y"
11147,"N"
11148,"M"
11149,"Q"
11150,"P"
11151,"O"
11152,"J"
11153,"V"
11154,"Z"
11155,"X"
11156,"S"
11157,"S"
11158,"O"
11159,"O"
11160,"K"
11161,"_"
11162,"N"
11163,"T"
11164,"S"
11165,"U"
11166,"U"
11167,"I"
11168,"R"
11169,"G"
11170,"N"
11171,"V"
11172,"O"
11173,"]"
11174,"S"
11175,"]"
11176,"U"
11177,"W"
11178,"Z"
11179,"X"
11180,"T"
11181,"["
11182,"S"
11183,"S"
11184,"O"
11185,"Z"
11186,"T"
11187,"X"
11188,"S"
11189,"Q"
11190,"V"
11191,"K"
11192,"M"
11193,"J"
11194,"S"
11195,"M"
11196,"R"
11197,"M"
11198,"P"
11199,"X"
11200,"V"
11201,"^"
11202,"S"
11203,"W"
11204,"V"
11205,"P"
11206,"R"
11207,"["
11208,"Q"
11209,"X"
11210,"U"
11211,"["
11212,"P"
11213,"S"
11214,"M"
11215,"W"
11216,"I"
11217,"T"
11218,"L"
11219,"R"
11220,"P"
11221,"X"
11222,"V"
11223,"K"
11224,"V"
11225,"V"
11226,"Q"
11227,"T"
11228,"P"
11229,"T"
11230,"J"
11231,"^"
11232,"R"
11233,"U"
11234,"R"
11235,"L"
11236,"V"
11237,"Q"
11238,"L"
11239,"P"
11240,"R"
11241,"T"
11242,"O"
11243,"P"
11244,"R"
11245,"X"
11246,"Z"
11247,"O"
11248,"M"
11249,"["
11250,"R"
11251,"S"
11252,"P"
11253,"Q"
11254,"R"
11255,"R"
11256,"O"
11257,"Z"
11258,"O"
11259,"O"
11260,"["
11261,"N"
11262,"N"
11263,"W"
11264,"T"
11265,"T"
11266,"["
11267,"O"
11268,"V"
11269,"Z"
11270,"Q"
11271,"R"
11272,"K"
11273,"V"
11274,"\"
11275,"Y"
11276,"Q"
11277,"U"
11278,"N"
11279,"S"
11280,"W"
11281,"W"
11282,"N"
11283,"T"
11284,"S"
11285,"M"
11286,"V"
11287,"P"
11288,"U"
11289,"_"
11290,"I"
11291,"R"
11292,"S"
11293,"T"
11294,"O"
11295,"N"
11296,"T"
11297,"N"
11298,"E"
11299,"T"
11300,"["
11301,"M"
11302,"S"
11303,"X"
11304,"V"
11305,"N"
11306,"O"
11307,"V"
11308,"^"
11309,"L"
11310,"N"
11311,"R"
11312,"N"
11313,"S"
11314,"L"
11315,"T"
11316,"V"
11317,"^"
11318,"Z"
11319,"U"
11320,"L"
11321,"\"
11322,"P"
11323,"M"
11324,"S"
11325,"Q"
11326,"N"
11327,"S"
11328,"T"
11329,"R"
11330,"T"
11331,"K"
11332,"I"
11333,"V"
11334,"Y"
11335,"]"
11336,"N"
11337,"S"
11338,"M"
11339,"Z"
11340,"T"
11341,"Y"
11342,"S"
11343,"V"
11344,"S"
11345,"M"
11346,"R"
11347,"`"
11348,"Q"
11349,"U"
11350,"O"
11351,"P"
11352,"U"
11353,"J"
11354,"M"
11355,"Z"
11356,"T"
11357,"X"
11358,"R"
11359,"R"
11360,"M"
11361,"T"
11362,"N"
11363,"K"
11364,"V"
11365,"Y"
11366,"X"
11367,"D"
11368,"P"
11369,"N"
11370,"M"
11371,"U"
11372,"N"
11373,"X"
11374,"R"
11375,"P"
11376,"S"
11377,"S"
11378,"V"
11379,"Y"
11380,"T"
11381,"M"
11382,"L"
11383,"Y"
11384,"K"
11385,"T"
11386,"Q"
11387,"S"
11388,"L"
11389,"P"
11390,"M"
11391,"Q"
11392,"K"
11393,"N"
11394,"P"
11395,"Q"
11396,"S"
11397,"O"
11398,"M"
11399,"S"
11400,"T"
11401,"Q"
11402,"["
11403,"M"
11404,"R"
11405,"X"
11406,"V"
11407,"S"
11408,"Y"
11409,"V"
11410,"["
11411,"U"
11412,"P"
11413,"X"
11414,"Y"
11415,"P"
11416,"M"
11417,"]"
11418,"P"
11419,"Q"
11420,"R"
11421,"N"
11422,"R"
11423,"H"
11424,"P"
11425,"Q"
11426,"M"
11427,"U"
11428,"U"
11429,"M"
11430,"S"
11431,"T"
11432,"V"
11433,"T"
11434,"R"
11435,"M"
11436,"Q"
11437,"T"
11438,"N"
11439,"V"
11440,"P"
11441,"V"
11442,"G"
11443,"I"
11444,"_"
11445,"W"
11446,"T"
11447,"T"
11448,"T"
11449,"U"
11450,"P"
11451,"M"
11452,"Q"
11453,"O"
11454,"O"
11455,"X"
11456,"\"
11457,"\"
11458,"L"
11459,"W"
11460,"L"
11461,"U"
11462,"Z"
11463,"K"
11464,"S"
11465,"M"
11466,"W"
11467,"["
11468,"E"
11469,"P"
11470,"T"
11471,"Z"
11472,"P"
11473,"W"
11474,"M"
11475,"U"
11476,"N"
11477,"X"
11478,"Q"
11479,"M"
11480,"L"
11481,"M"
11482,"P"
11483,"["
11484,"P"
11485,"R"
11486,"P"
11487,"P"
11488,"Z"
11489,"S"
11490,"R"
11491,"P"
11492,"O"
11493,"U"
11494,"N"
11495,"P"
11496,"O"
11497,"T"
11498,"F"
11499,"J"
11500,"P"
11501,"W"
11502,"M"
11503,"P"
11504,"T"
11505,"Y"
11506,"R"
11507,"I"
11508,"X"
11509,"I"
11510,"U"
11511,"Q"
11512,"P"
11513,"S"
11514,"L"
11515,"R"
11516,"V"
11517,"R"
11518,"V"
11519,"X"
11520,"V"
11521,"Y"
11522,"S"
11523,"S"
11524,"L"
11525,"M"
11526,"U"
11527,"Y"
11528,"P"
11529,"P"
11530,"P"
11531,"L"
11532,"O"
11533,"`"
11534,"J"
11535,"]"
11536,"]"
11537,"R"
11538,"\"
11539,"P"
11540,"W"
11541,"]"
11542,"U"
11543,"Q"
11544,"R"
11545,"S"
11546,"O"
11547,"\"
11548,"]"
11549,"O"
11550,"H"
11551,"T"
11552,"["
11553,"Q"
11554,"]"
11555,"Y"
11556,"R"
11557,"Q"
11558,"N"
11559,"R"
11560,"b"
11561,"O"
11562,"N"
11563,"["
11564,"W"
11565,"Q"
11566,"K"
11567,"K"
11568,"L"
11569,"V"
11570,"R"
11571,"]"
11572,"Q"
11573,"["
11574,"V"
11575,"M"
11576,"M"
11577,"\"
11578,"W"
11579,"R"
11580,"R"
11581,"L"
11582,"X"
11583,"T"
11584,"X"
11585,"Q"
11586,"Q"
11587,"N"
11588,"U"
11589,"O"
11590,"S"
11591,"U"
11592,"V"
11593,"Z"
11594,"L"
11595,"O"
11596,"Z"
11597,"R"
11598,"Q"
11599,"S"
11600,"R"
11601,"O"
11602,"S"
11603,"P"
11604,"O"
11605,"K"
11606,"Q"
11607,"U"
11608,"S"
11609,"S"
11610,"T"
11611,"S"
11612,"L"
11613,"O"
11614,"L"
11615,"V"
11616,"["
11617,"W"
11618,"O"
11619,"V"
11620,"Q"
11621,"Q"
11622,"Q"
11623,"Q"
11624,"N"
11625,"S"
11626,"Y"
11627,"X"
11628,"T"
11629,"M"
11630,"T"
11631,"V"
11632,"P"
11633,"R"
11634,"J"
11635,"Q"
11636,"W"
11637,"X"
11638,"L"
11639,"N"
11640,"R"
11641,"M"
11642,"X"
11643,"S"
11644,"X"
11645,"S"
11646,"J"
11647,"Y"
11648,"Z"
11649,"F"
11650,"L"
11651,"W"
11652,"N"
11653,"V"
11654,"^"
11655,"H"
11656,"P"
11657,"N"
11658,"Y"
11659,"N"
11660,"Y"
11661,"O"
11662,"T"
11663,"N"
11664,"I"
11665,"V"
11666,"U"
11667,"S"
11668,"R"
11669,"F"
11670,"S"
11671,"K"
11672,"U"
11673,"L"
11674,"V"
11675,"U"
11676,"N"
11677,"Q"
11678,"Q"
11679,"P"
11680,"T"
11681,"X"
11682,"X"
11683,"Y"
11684,"V"
11685,"O"
11686,"V"
11687,"^"
11688,"R"
11689,"V"
11690,"Q"
11691,"P"
11692,"M"
11693,"O"
11694,"P"
11695,"N"
11696,"N"
11697,"O"
11698,"^"
11699,"U"
11700,"J"
11701,"K"
11702,"T"
11703,"W"
11704,"P"
11705,"O"
11706,"S"
11707,"Q"
11708,"["
11709,"U"
11710,"W"
11711,"Q"
11712,"_"
11713,"["
11714,"X"
11715,"Q"
11716,"V"
11717,"T"
11718,"V"
11719,"U"
11720,"\"
11721,"Y"
11722,"X"
11723,"N"
11724,"P"
11725,"T"
11726,"Y"
11727,"U"
11728,"S"
11729,"["
11730,"D"
11731,"["
11732,"I"
11733,"U"
11734,"V"
11735,"Z"
11736,"Q"
11737,"U"
11738,"S"
11739,"L"
11740,"Y"
11741,"W"
11742,"T"
11743,"N"
11744,"W"
11745,"\"
11746,"V"
11747,"V"
11748,"G"
11749,"U"
11750,"S"
11751,"R"
11752,"Y"
11753,"R"
11754,"P"
11755,"S"
11756,"L"
11757,"V"
11758,"V"
11759,"M"
11760,"J"
11761,"V"
11762,"X"
11763,"O"
11764,"R"
11765,"U"
11766,"M"
11767,"R"
11768,"Q"
11769,"Q"
11770,"P"
11771,"R"
11772,"Y"
11773,"X"
11774,"R"
11775,"L"
11776,"V"
11777,"N"
11778,"M"
11779,"P"
11780,"L"
11781,"U"
11782,"S"
11783,"S"
11784,"V"
11785,"L"
11786,"V"
11787,"N"
11788,"V"
11789,"N"
11790,"W"
11791,"Q"
11792,"N"
11793,"R"
11794,"T"
11795,"Y"
11796,"W"
11797,"X"
11798,"N"
11799,"T"
11800,"T"
11801,"S"
11802,"P"
11803,"\"
11804,"W"
11805,"H"
11806,"X"
11807,"V"
11808,"P"
11809,"P"
11810,"Q"
11811,"\"
11812,"K"
11813,"P"
11814,"O"
11815,"P"
11816,"Y"
11817,"\"
11818,"Z"
11819,"S"
11820,"T"
11821,"V"
11822,"T"
11823,"]"
11824,"R"
11825,"P"
11826,"\"
11827,"T"
11828,"U"
11829,"M"
11830,"X"
11831,"Z"
11832,"R"
11833,"J"
11834,"S"
11835,"U"
11836,"S"
11837,"T"
11838,"W"
11839,"Y"
11840,"V"
11841,"Z"
11842,"Y"
11843,"T"
11844,"J"
11845,"R"
11846,"W"
11847,"S"
11848,"U"
11849,"W"
11850,"Q"
11851,"P"
11852,"V"
11853,"P"
11854,"P"
11855,"Z"
11856,"J"
11857,"P"
11858,"R"
11859,"S"
11860,"T"
11861,"^"
11862,"W"
11863,"Q"
11864,"K"
11865,"R"
11866,"["
11867,"O"
11868,"\"
11869,"\"
11870,"Q"
11871,"S"
11872,"N"
11873,"E"
11874,"Q"
11875,"Y"
11876,"S"
11877,"T"
11878,"X"
11879,"O"
11880,"N"
11881,"]"
11882,"P"
11883,"W"
11884,"P"
11885,"]"
11886,"P"
11887,"Q"
11888,"Z"
11889,"U"
11890,"X"
11891,"\"
11892,"V"
11893,"R"
11894,"W"
11895,"T"
11896,"O"
11897,"Q"
11898,"U"
11899,"P"
11900,"W"
11901,"Z"
11902,"R"
11903,"W"
11904,"P"
11905,"W"
11906,"P"
11907,"J"
11908,"V"
11909,"O"
11910,"K"
11911,"Q"
11912,"Q"
11913,"O"
11914,"P"
11915,"T"
11916,"Q"
11917,"V"
11918,"V"
11919,"P"
11920,"R"
11921,"W"
11922,"S"
11923,"P"
11924,"V"
11925,"V"
11926,"P"
11927,"T"
11928,"U"
11929,"S"
11930,"P"
11931,"S"
11932,"V"
11933,"T"
11934,"O"
11935,"O"
11936,"Q"
11937,"M"
11938,"L"
11939,"X"
11940,"Q"
11941,"Z"
11942,"Q"
11943,"T"
11944,"V"
11945,"Q"
11946,"K"
11947,"["
11948,"T"
11949,"L"
11950,"P"
11951,"O"
11952,"Q"
11953,"Y"
11954,"V"
11955,"O"
11956,"R"
11957,"P"
11958,"O"
11959,"Q"
11960,"\"
11961,"N"
11962,"L"
11963,"N"
11964,"W"
11965,"R"
11966,"T"
11967,"_"
11968,"Y"
11969,"Z"
11970,"W"
11971,"H"
11972,"Q"
11973,"S"
11974,"V"
11975,"P"
11976,"\"
11977,"K"
11978,"I"
11979,"I"
11980,"W"
11981,"N"
11982,"N"
11983,"J"
11984,"M"
11985,"P"
11986,"P"
11987,"T"
11988,"O"
11989,"N"
11990,"X"
11991,"K"
11992,"P"
11993,"T"
11994,"R"
11995,"W"
11996,"U"
11997,"Y"
11998,"F"
11999,"O"
12000,"W"
12001,"Q"
12002,"P"
12003,"W"
12004,"Q"
12005,"P"
12006,"M"
12007,"V"
12008,"F"
12009,"T"
12010,"M"
12011,"V"
12012,"Z"
12013,"R"
12014,"H"
12015,"M"
12016,"I"
12017,"M"
12018,"T"
12019,"R"
12020,"V"
12021,"R"
12022,"M"
12023,"P"
12024,"U"
12025,"W"
12026,"W"
12027,"M"
12028,"R"
12029,"N"
12030,"X"
12031,"U"
12032,"R"
12033,"Z"
12034,"Z"
12035,"U"
12036,"R"
12037,"W"
12038,"P"
12039,"P"
12040,"U"
12041,"P"
12042,"L"
12043,"S"
12044,"O"
12045,"U"
12046,"S"
12047,"U"
12048,"R"
12049,"S"
12050,"P"
12051,"Q"
12052,"S"
12053,"N"
12054,"O"
12055,"P"
12056,"L"
12057,"Q"
12058,"N"
12059,"\"
12060,"]"
12061,"V"
12062,"L"
12063,"W"
12064,"T"
12065,"O"
12066,"T"
12067,"X"
12068,"R"
12069,"["
12070,"N"
12071,"P"
12072,"M"
12073,"X"
12074,"H"
12075,"T"
12076,"U"
12077,"P"
12078,"N"
12079,"U"
12080,"_"
12081,"Q"
12082,"\"
12083,"T"
12084,"T"
12085,"P"
12086,"M"
12087,"S"
12088,"_"
12089,"O"
12090,"U"
12091,"Q"
12092,"Q"
12093,"X"
12094,"^"
12095,"U"
12096,"M"
12097,"Y"
12098,"X"
12099,"O"
12100,"P"
12101,"["
12102,"T"
12103,"L"
12104,"T"
12105,"W"
12106,"Z"
12107,"R"
12108,"O"
12109,"T"
12110,"V"
12111,"L"
12112,"J"
12113,"W"
12114,"Q"
12115,"M"
12116,"U"
12117,"V"
12118,"["
12119,"S"
12120,"Z"
12121,"T"
12122,"M"
12123,"X"
12124,"V"
12125,"W"
12126,"O"
12127,"Y"
12128,"V"
12129,"Q"
12130,"W"
12131,"O"
12132,"Q"
12133,"N"
12134,"W"
12135,"N"
12136,"M"
12137,"W"
12138,"V"
12139,"U"
12140,"R"
12141,"O"
12142,"M"
12143,"V"
12144,"A"
12145,"F"
12146,"U"
12147,"Q"
12148,"^"
12149,"M"
12150,"S"
12151,"X"
12152,"L"
12153,"U"
12154,"R"
12155,"V"
12156,"R"
12157,"H"
12158,"L"
12159,"T"
12160,"S"
12161,"R"
12162,"_"
12163,"T"
12164,"Y"
12165,"Y"
12166,"P"
12167,"["
12168,"O"
12169,"L"
12170,"M"
12171,"N"
12172,"K"
12173,"S"
12174,"T"
12175,"N"
12176,"X"
12177,"T"
12178,"R"
12179,"O"
12180,"["
12181,"M"
12182,"P"
12183,"a"
12184,"P"
12185,"V"
12186,"G"
12187,"S"
12188,"^"
12189,"H"
12190,"O"
12191,"O"
12192,"Q"
12193,"N"
12194,"L"
12195,"P"
12196,"T"
12197,"P"
12198,"G"
12199,"T"
12200,"P"
12201,"S"
12202,"I"
12203,"b"
12204,"V"
12205,"W"
12206,"B"
12207,"Z"
12208,"U"
12209,"S"
12210,"S"
12211,"P"
12212,"R"
12213,"R"
12214,"S"
12215,"Q"
12216,"U"
12217,"S"
12218,"V"
12219,"O"
12220,"X"
12221,"Z"
12222,"Y"
12223,"R"
12224,"R"
12225,"Q"
12226,"U"
12227,"L"
12228,"W"
12229,"M"
12230,"R"
12231,"P"
12232,"Y"
12233,"["
12234,"["
12235,"O"
12236,"P"
12237,"Y"
12238,"S"
12239,"X"
12240,"T"
12241,"Q"
12242,"Z"
12243,"Y"
12244,"R"
12245,"O"
12246,"P"
12247,"N"
12248,"N"
12249,"S"
12250,"J"
12251,"W"
12252,"U"
12253,"R"
12254,"]"
12255,"b"
12256,"U"
12257,"G"
12258,"S"
12259,"W"
12260,"S"
12261,"V"
12262,"Q"
12263,"O"
12264,"S"
12265,"N"
12266,"Y"
12267,"J"
12268,"M"
12269,"V"
12270,"W"
12271,"V"
12272,"L"
12273,"V"
12274,"T"
12275,"P"
12276,"["
12277,"S"
12278,"Q"
12279,"V"
12280,"U"
12281,"T"
12282,"T"
12283,"O"
12284,"L"
12285,"R"
12286,"Z"
12287,"P"
12288,"R"
12289,"X"
12290,"O"
12291,"V"
12292,"U"
12293,"F"
12294,"T"
12295,"J"
12296,"]"
12297,"V"
12298,"U"
12299,"O"
12300,"O"
12301,"U"
12302,"T"
12303,"T"
12304,"T"
12305,"V"
12306,"K"
12307,"R"
12308,"O"
12309,"V"
12310,"]"
12311,"F"
12312,"Y"
12313,"U"
12314,"P"
12315,"R"
12316,"O"
12317,"V"
12318,"X"
12319,"Z"
12320,"P"
12321,"P"
12322,"R"
12323,"\"
12324,"R"
12325,"J"
12326,"T"
12327,"X"
12328,"["
12329,"O"
12330,"M"
12331,"R"
12332,"K"
12333,"M"
12334,"\"
12335,"U"
12336,"P"
12337,"X"
12338,"P"
12339,"C"
12340,"V"
12341,"L"
12342,"N"
12343,"V"
12344,"S"
12345,"\"
12346,"U"
12347,"N"
12348,"T"
12349,"P"
12350,"T"
12351,"Q"
12352,"S"
12353,"J"
12354,"M"
12355,"X"
12356,"W"
12357,"S"
12358,"U"
12359,"K"
12360,"M"
12361,"R"
12362,"]"
12363,"T"
12364,"Q"
12365,"T"
12366,"P"
12367,"W"
12368,"T"
12369,"Q"
12370,"S"
12371,"R"
12372,"P"
12373,"S"
12374,"P"
12375,"K"
12376,"V"
12377,"R"
12378,"K"
12379,"F"
12380,"W"
12381,"_"
12382,"S"
12383,"S"
12384,"K"
12385,"L"
12386,"R"
12387,"X"
12388,"W"
12389,"V"
12390,"["
12391,"L"
12392,"S"
12393,"X"
12394,"Q"
12395,"T"
12396,"O"
12397,"P"
12398,"S"
12399,"Z"
12400,"N"
12401,"I"
12402,"Q"
12403,"U"
12404,"R"
12405,"G"
12406,"Q"
12407,"M"
12408,"W"
12409,"P"
12410,"Q"
12411,"R"
12412,"P"
12413,"P"
12414,"S"
12415,"W"
12416,"O"
12417,"P"
12418,"L"
12419,"F"
12420,"T"
12421,"S"
12422,"Q"
12423,"H"
12424,"O"
12425,"R"
12426,"S"
12427,"U"
12428,"T"
12429,"V"
12430,"W"
12431,"S"
12432,"R"
12433,"Y"
12434,"Z"
12435,"L"
12436,"N"
12437,"T"
12438,"U"
12439,"U"
12440,"P"
12441,"Q"
12442,"S"
12443,"M"
12444,"P"
12445,"X"
12446,"U"
12447,"P"
12448,"Y"
12449,"R"
12450,"K"
12451,"U"
12452,"D"
12453,"Q"
12454,"U"
12455,"Q"
12456,"T"
12457,"M"
12458,"]"
12459,"Y"
12460,"F"
12461,"V"
12462,"Z"
12463,"V"
12464,"^"
12465,"N"
12466,"T"
12467,"V"
12468,"X"
12469,"W"
12470,"V"
12471,"L"
12472,"]"
12473,"U"
12474,"M"
12475,"N"
12476,"Z"
12477,"P"
12478,"]"
12479,"Z"
12480,"T"
12481,"\"
12482,"K"
12483,"O"
12484,"R"
12485,"R"
12486,"N"
12487,"Q"
12488,"Z"
12489,"V"
12490,"R"
12491,"S"
12492,"N"
12493,"M"
12494,"Q"
12495,"T"
12496,"O"
12497,"M"
12498,"U"
12499,"O"
12500,"Z"
12501,"W"
12502,"S"
12503,"Q"
